chr_id,start_pos,end_pos,ref_nt,alt_nt,aa_pos,ref_aa,alt_aa,uniprotkb_canonical_ac
1,69118,69118,C,A,31,L,I,A0A2U3U0J3-1
1,69224,69224,A,C,66,D,A,A0A2U3U0J3-1
1,69230,69230,A,C,68,H,P,A0A2U3U0J3-1
1,69236,69236,A,C,70,H,P,A0A2U3U0J3-1
1,69359,69359,G,T,111,C,F,A0A2U3U0J3-1
1,69379,69379,C,T,118,L,F,A0A2U3U0J3-1
1,69511,69511,A,G,162,T,A,A0A2U3U0J3-1
1,69517,69517,G,A,164,G,R,A0A2U3U0J3-1
1,69518,69518,G,A,164,G,E,A0A2U3U0J3-1
1,69523,69523,G,T,166,G,C,A0A2U3U0J3-1
1,69536,69536,C,G,170,S,W,A0A2U3U0J3-1
1,69538,69538,G,A,171,V,M,A0A2U3U0J3-1
1,69539,69539,T,C,171,V,A,A0A2U3U0J3-1
1,69559,69559,G,A,178,V,M,A0A2U3U0J3-1
1,69569,69569,T,C,181,L,P,A0A2U3U0J3-1
1,69588,69588,G,T,187,E,D,A0A2U3U0J3-1
1,69589,69589,G,A,188,V,I,A0A2U3U0J3-1
1,69598,69598,T,G,191,F,V,A0A2U3U0J3-1
1,69610,69610,C,T,195,L,F,A0A2U3U0J3-1
1,69613,69613,C,T,196,P,S,A0A2U3U0J3-1
1,69617,69617,G,A,197,R,K,A0A2U3U0J3-1
1,69725,69725,C,T,233,T,I,A0A2U3U0J3-1
1,69733,69733,C,A,236,L,I,A0A2U3U0J3-1
1,69744,69744,C,G,239,I,M,A0A2U3U0J3-1
1,69770,69770,C,T,248,S,F,A0A2U3U0J3-1
1,69849,69849,G,A,274,W,*,A0A2U3U0J3-1
1,69904,69904,A,C,293,T,P,A0A2U3U0J3-1
1,69968,69968,A,G,314,Q,R,A0A2U3U0J3-1
1,966538,966538,A,T,3,N,Y,Q494U1-2
1,966538,966538,A,T,3,N,Y,Q494U1-3
1,966539,966539,A,C,3,N,T,Q494U1-2
1,966539,966539,A,C,3,N,T,Q494U1-3
1,966542,966542,G,C,4,S,T,Q494U1-3
1,966542,966542,G,C,4,S,T,Q494U1-2
1,966556,966556,C,T,9,Q,*,Q494U1-3
1,966556,966556,C,T,9,Q,*,Q494U1-2
1,966608,966608,G,A,26,G,E,Q494U1-2
1,966608,966608,G,A,26,G,E,Q494U1-3
1,966707,966707,G,C,29,E,D,Q494U1-2
1,966707,966707,G,C,29,E,D,Q494U1-3
1,966714,966714,G,T,32,A,S,Q494U1-3
1,966714,966714,G,T,32,A,S,Q494U1-2
1,966724,966724,C,G,35,S,W,Q494U1-2
1,966724,966724,C,G,35,S,W,Q494U1-3
1,966729,966729,G,T,37,G,C,Q494U1-3
1,966729,966729,G,T,37,G,C,Q494U1-2
1,966736,966736,C,T,39,P,L,Q494U1-3
1,966736,966736,C,T,39,P,L,Q494U1-2
1,966747,966747,G,A,43,A,T,Q494U1-3
1,966747,966747,G,A,43,A,T,Q494U1-2
1,966748,966748,C,T,43,A,V,Q494U1-2
1,966748,966748,C,T,43,A,V,Q494U1-3
1,966750,966750,G,T,44,A,S,Q494U1-3
1,966750,966750,G,T,44,A,S,Q494U1-2
1,966760,966760,G,C,47,G,A,Q494U1-3
1,966760,966760,G,C,47,G,A,Q494U1-2
1,966765,966765,G,A,49,A,T,Q494U1-2
1,966765,966765,G,A,49,A,T,Q494U1-3
1,966771,966771,G,A,51,A,T,Q494U1-3
1,966771,966771,G,A,51,A,T,Q494U1-2
1,966798,966798,G,A,60,G,S,Q494U1-3
1,966798,966798,G,A,60,G,S,Q494U1-2
1,970289,970289,C,G,66,L,V,Q494U1-2
1,970289,970289,C,G,66,L,V,Q494U1-3
1,970301,970301,C,T,70,R,*,Q494U1-2
1,970301,970301,C,T,70,R,*,Q494U1-3
1,970302,970302,G,A,70,R,Q,Q494U1-2
1,970302,970302,G,A,70,R,Q,Q494U1-3
1,970319,970319,C,T,76,P,S,Q494U1-3
1,970319,970319,C,T,76,P,S,Q494U1-2
1,970331,970331,G,T,80,V,L,Q494U1-2
1,970331,970331,G,T,80,V,L,Q494U1-3
1,970347,970347,G,A,85,R,Q,Q494U1-3
1,970347,970347,G,A,85,R,Q,Q494U1-2
1,970349,970349,C,T,86,R,W,Q494U1-3
1,970349,970349,C,T,86,R,W,Q494U1-2
1,970353,970353,G,T,87,R,M,Q494U1-2
1,970353,970353,G,T,87,R,M,Q494U1-3
1,970354,970354,G,T,87,R,S,Q494U1-2
1,970354,970354,G,T,87,R,S,Q494U1-3
1,970358,970358,C,T,89,P,S,Q494U1-2
1,970358,970358,C,T,89,P,S,Q494U1-3
1,970382,970382,G,T,97,V,L,Q494U1-2
1,970382,970382,G,T,97,V,L,Q494U1-3
1,970383,970383,T,A,97,V,E,Q494U1-3
1,970383,970383,T,A,97,V,E,Q494U1-2
1,970400,970400,C,T,103,Q,*,Q494U1-2
1,970400,970400,C,T,103,Q,*,Q494U1-3
1,970420,970420,C,A,109,S,R,Q494U1-2
1,970420,970420,C,A,109,S,R,Q494U1-3
1,970423,970423,G,T,110,Q,H,Q494U1-2
1,970423,970423,G,T,110,Q,H,Q494U1-3
1,970521,970521,G,T,111,D,Y,Q494U1-2
1,970521,970521,G,T,111,D,Y,Q494U1-3
1,970527,970527,A,T,113,S,C,Q494U1-3
1,970527,970527,A,T,113,S,C,Q494U1-2
1,970555,970555,C,T,122,A,V,Q494U1-2
1,970555,970555,C,T,122,A,V,Q494U1-3
1,970558,970558,A,T,123,H,L,Q494U1-2
1,970558,970558,A,T,123,H,L,Q494U1-3
1,970569,970569,C,A,127,Q,K,Q494U1-2
1,970569,970569,C,A,127,Q,K,Q494U1-3
1,970579,970579,G,A,130,G,D,Q494U1-2
1,970579,970579,G,A,130,G,D,Q494U1-3
1,970582,970582,C,G,131,S,W,Q494U1-2
1,970582,970582,C,G,131,S,W,Q494U1-3
1,970588,970588,G,A,133,G,E,Q494U1-3
1,970588,970588,G,C,133,G,A,Q494U1-3
1,970588,970588,G,C,133,G,A,Q494U1-2
1,970588,970588,G,A,133,G,E,Q494U1-2
1,970599,970599,C,T,137,Q,*,Q494U1-3
1,970599,970599,C,T,137,Q,*,Q494U1-2
1,970702,970702,C,T,143,T,M,Q494U1-2
1,970702,970702,C,T,143,T,M,Q494U1-3
1,970711,970711,G,T,146,S,I,Q494U1-2
1,970711,970711,G,T,146,S,I,Q494U1-3
1,970725,970725,G,T,151,E,*,Q494U1-3
1,970725,970725,G,T,151,E,*,Q494U1-2
1,970728,970728,G,T,152,G,W,Q494U1-3
1,970728,970728,G,T,152,G,W,Q494U1-2
1,970732,970732,C,T,153,S,F,Q494U1-3
1,970732,970732,C,T,153,S,F,Q494U1-2
1,970734,970734,C,T,154,R,*,Q494U1-3
1,970734,970734,C,T,154,R,*,Q494U1-2
1,970737,970737,G,C,155,E,Q,Q494U1-3
1,970737,970737,G,C,155,E,Q,Q494U1-2
1,970741,970741,A,G,156,H,R,Q494U1-3
1,970741,970741,A,G,156,H,R,Q494U1-2
1,970743,970743,G,A,157,A,T,Q494U1-3
1,970743,970743,G,A,157,A,T,Q494U1-2
1,970755,970755,A,G,161,T,A,Q494U1-2
1,970755,970755,A,G,161,T,A,Q494U1-3
1,970770,970770,G,A,166,A,T,Q494U1-2
1,970773,970773,T,A,167,S,T,Q494U1-2
1,970777,970777,G,A,168,R,Q,Q494U1-2
1,970779,970779,G,A,169,A,T,Q494U1-2
1,970788,970788,G,T,172,G,C,Q494U1-2
1,970788,970788,G,C,172,G,R,Q494U1-2
1,970789,970789,G,A,172,G,D,Q494U1-2
1,970798,970798,A,G,175,D,G,Q494U1-2
1,970829,970829,G,A,185,W,*,Q494U1-2
1,970834,970834,G,T,187,R,L,Q494U1-2
1,970849,970849,A,G,192,Y,C,Q494U1-2
1,970855,970855,G,C,194,C,S,Q494U1-2
1,970887,970887,C,T,165,P,S,Q494U1-3
1,970887,970887,C,T,205,P,S,Q494U1-2
1,970890,970890,G,A,166,A,T,Q494U1-3
1,970890,970890,G,A,206,A,T,Q494U1-2
1,970905,970905,C,T,171,L,F,Q494U1-3
1,970905,970905,C,T,211,L,F,Q494U1-2
1,970911,970911,C,T,213,P,S,Q494U1-2
1,970911,970911,C,T,173,P,S,Q494U1-3
1,970917,970917,C,T,175,R,W,Q494U1-3
1,970917,970917,C,T,215,R,W,Q494U1-2
1,970923,970923,G,A,217,E,K,Q494U1-2
1,970923,970923,G,C,217,E,Q,Q494U1-2
1,970923,970923,G,A,177,E,K,Q494U1-3
1,970923,970923,G,C,177,E,Q,Q494U1-3
1,970924,970924,A,G,217,E,G,Q494U1-2
1,970924,970924,A,G,177,E,G,Q494U1-3
1,970925,970925,G,C,177,E,D,Q494U1-3
1,970925,970925,G,C,217,E,D,Q494U1-2
1,970942,970942,A,G,183,Y,C,Q494U1-3
1,970942,970942,A,G,223,Y,C,Q494U1-2
1,970950,970950,G,A,226,E,K,Q494U1-2
1,970950,970950,G,A,186,E,K,Q494U1-3
1,970978,970978,C,T,195,P,L,Q494U1-3
1,970978,970978,C,T,235,P,L,Q494U1-2
1,970981,970981,G,A,196,R,Q,Q494U1-3
1,970981,970981,G,A,236,R,Q,Q494U1-2
1,970983,970983,C,T,237,R,C,Q494U1-2
1,970983,970983,C,T,197,R,C,Q494U1-3
1,970984,970984,G,A,197,R,H,Q494U1-3
1,970984,970984,G,A,237,R,H,Q494U1-2
1,970993,970993,C,G,240,S,W,Q494U1-2
1,970993,970993,C,G,200,S,W,Q494U1-3
1,970993,970993,C,T,200,S,L,Q494U1-3
1,970993,970993,C,T,240,S,L,Q494U1-2
1,970998,970998,C,A,202,P,T,Q494U1-3
1,970998,970998,C,A,242,P,T,Q494U1-2
1,970999,970999,C,T,202,P,L,Q494U1-3
1,970999,970999,C,T,242,P,L,Q494U1-2
1,971077,971077,G,T,245,G,W,Q494U1-2
1,971077,971077,G,T,205,G,W,Q494U1-3
1,971103,971103,G,A,253,W,*,Q494U1-2
1,971103,971103,G,A,213,W,*,Q494U1-3
1,971132,971132,G,A,263,R,Q,Q494U1-2
1,971132,971132,G,A,223,R,Q,Q494U1-3
1,971138,971138,C,T,225,A,V,Q494U1-3
1,971138,971138,C,T,265,A,V,Q494U1-2
1,971144,971144,G,A,227,G,E,Q494U1-3
1,971144,971144,G,A,267,G,E,Q494U1-2
1,971152,971152,C,A,230,P,T,Q494U1-3
1,971152,971152,C,A,270,P,T,Q494U1-2
1,971153,971153,C,T,230,P,L,Q494U1-3
1,971153,971153,C,T,270,P,L,Q494U1-2
1,971156,971156,G,A,231,G,D,Q494U1-3
1,971156,971156,G,A,271,G,D,Q494U1-2
1,971203,971203,G,A,247,A,T,Q494U1-3
1,971203,971203,G,A,287,A,T,Q494U1-2
1,971324,971324,G,A,249,E,K,Q494U1-3
1,971324,971324,G,A,289,E,K,Q494U1-2
1,971366,971366,G,C,303,A,P,Q494U1-2
1,971366,971366,G,C,263,A,P,Q494U1-3
1,971376,971376,C,T,306,S,F,Q494U1-2
1,971376,971376,C,T,266,S,F,Q494U1-3
1,972085,972085,C,A,279,P,Q,Q494U1-3
1,972085,972085,C,A,319,P,Q,Q494U1-2
1,972090,972090,C,T,321,R,C,Q494U1-2
1,972090,972090,C,T,281,R,C,Q494U1-3
1,972091,972091,G,A,281,R,H,Q494U1-3
1,972091,972091,G,A,321,R,H,Q494U1-2
1,972096,972096,G,A,323,V,I,Q494U1-2
1,972096,972096,G,A,283,V,I,Q494U1-3
1,972108,972108,C,A,287,L,M,Q494U1-3
1,972108,972108,C,A,327,L,M,Q494U1-2
1,972111,972111,G,T,288,E,*,Q494U1-3
1,972111,972111,G,T,328,E,*,Q494U1-2
1,972114,972114,G,A,329,E,K,Q494U1-2
1,972114,972114,G,A,289,E,K,Q494U1-3
1,972120,972120,G,A,331,E,K,Q494U1-2
1,972120,972120,G,T,291,E,*,Q494U1-3
1,972120,972120,G,A,291,E,K,Q494U1-3
1,972120,972120,G,T,331,E,*,Q494U1-2
1,972124,972124,A,G,292,K,R,Q494U1-3
1,972124,972124,A,C,332,K,T,Q494U1-2
1,972124,972124,A,C,292,K,T,Q494U1-3
1,972124,972124,A,G,332,K,R,Q494U1-2
1,972132,972132,C,T,335,R,C,Q494U1-2
1,972132,972132,C,T,295,R,C,Q494U1-3
1,972133,972133,G,A,335,R,H,Q494U1-2
1,972133,972133,G,A,295,R,H,Q494U1-3
1,972136,972136,C,T,296,S,F,Q494U1-3
1,972136,972136,C,T,336,S,F,Q494U1-2
1,972305,972305,A,G,347,I,V,Q494U1-2
1,972305,972305,A,G,307,I,V,Q494U1-3
1,972309,972309,G,A,308,R,H,Q494U1-3
1,972309,972309,G,A,348,R,H,Q494U1-2
1,972320,972320,G,A,352,A,T,Q494U1-2
1,972320,972320,G,A,312,A,T,Q494U1-3
1,972329,972329,G,A,355,E,K,Q494U1-2
1,972329,972329,G,A,315,E,K,Q494U1-3
1,972338,972338,G,A,318,G,S,Q494U1-3
1,972338,972338,G,A,358,G,S,Q494U1-2
1,972342,972342,A,G,319,H,R,Q494U1-3
1,972342,972342,A,G,359,H,R,Q494U1-2
1,972375,972375,G,T,330,R,M,Q494U1-3
1,972375,972375,G,T,370,R,M,Q494U1-2
1,972377,972377,G,A,371,E,K,Q494U1-2
1,972377,972377,G,A,331,E,K,Q494U1-3
1,972378,972378,A,G,331,E,G,Q494U1-3
1,972378,972378,A,G,371,E,G,Q494U1-2
1,972381,972381,G,A,372,G,E,Q494U1-2
1,972381,972381,G,A,332,G,E,Q494U1-3
1,972383,972383,G,A,333,A,T,Q494U1-3
1,972383,972383,G,C,333,A,P,Q494U1-3
1,972383,972383,G,A,373,A,T,Q494U1-2
1,972383,972383,G,C,373,A,P,Q494U1-2
1,972384,972384,C,G,373,A,G,Q494U1-2
1,972384,972384,C,G,333,A,G,Q494U1-3
1,972389,972389,C,T,375,P,S,Q494U1-2
1,972389,972389,C,T,335,P,S,Q494U1-3
1,972401,972401,G,A,339,A,T,Q494U1-3
1,972401,972401,G,A,379,A,T,Q494U1-2
1,972409,972409,C,A,341,S,R,Q494U1-3
1,972409,972409,C,A,381,S,R,Q494U1-2
1,972413,972413,C,T,383,P,S,Q494U1-2
1,972413,972413,C,T,343,P,S,Q494U1-3
1,972420,972420,C,A,345,S,*,Q494U1-3
1,972420,972420,C,T,345,S,L,Q494U1-3
1,972420,972420,C,A,385,S,*,Q494U1-2
1,972420,972420,C,T,385,S,L,Q494U1-2
1,972876,972876,C,T,352,R,*,Q494U1-3
1,972876,972876,C,T,392,R,*,Q494U1-2
1,972895,972895,G,A,398,G,D,Q494U1-2
1,972895,972895,G,A,358,G,D,Q494U1-3
1,972911,972911,G,A,403,W,*,Q494U1-2
1,972911,972911,G,A,363,W,*,Q494U1-3
1,972921,972921,T,G,407,C,G,Q494U1-2
1,972921,972921,T,G,367,C,G,Q494U1-3
1,972930,972930,C,T,370,P,S,Q494U1-3
1,972930,972930,C,T,410,P,S,Q494U1-2
1,972939,972939,A,C,413,T,P,Q494U1-2
1,972939,972939,A,C,373,T,P,Q494U1-3
1,972943,972943,G,A,414,R,H,Q494U1-2
1,972943,972943,G,A,374,R,H,Q494U1-3
1,972945,972945,A,C,375,T,P,Q494U1-3
1,972945,972945,A,C,415,T,P,Q494U1-2
1,972961,972961,C,T,420,P,L,Q494U1-2
1,972961,972961,C,T,380,P,L,Q494U1-3
1,973009,973009,C,T,396,P,L,Q494U1-3
1,973009,973009,C,T,436,P,L,Q494U1-2
1,973205,973205,G,A,443,R,H,Q494U1-2
1,973219,973219,C,T,448,R,*,Q494U1-2
1,973226,973226,G,A,450,R,K,Q494U1-2
1,973231,973231,G,A,452,E,K,Q494U1-2
1,973240,973240,C,T,455,R,C,Q494U1-2
1,973241,973241,G,A,455,R,H,Q494U1-2
1,973264,973264,G,A,463,G,R,Q494U1-2
1,973277,973277,G,A,467,R,Q,Q494U1-2
1,973282,973282,G,A,469,E,K,Q494U1-2
1,973309,973309,C,T,478,H,Y,Q494U1-2
1,973513,973513,G,T,488,S,I,Q494U1-2
1,973513,973513,G,T,401,S,I,Q494U1-3
1,973516,973516,T,C,402,L,P,Q494U1-3
1,973516,973516,T,C,489,L,P,Q494U1-2
1,973518,973518,G,T,403,E,*,Q494U1-3
1,973518,973518,G,T,490,E,*,Q494U1-2
1,973522,973522,G,A,491,S,N,Q494U1-2
1,973522,973522,G,A,404,S,N,Q494U1-3
1,973527,973527,C,T,493,P,S,Q494U1-2
1,973527,973527,C,T,406,P,S,Q494U1-3
1,973530,973530,G,A,407,D,N,Q494U1-3
1,973530,973530,G,A,494,D,N,Q494U1-2
1,973549,973549,C,T,500,S,L,Q494U1-2
1,973549,973549,C,T,413,S,L,Q494U1-3
1,973564,973564,C,T,505,S,L,Q494U1-2
1,973564,973564,C,T,418,S,L,Q494U1-3
1,973570,973570,T,A,420,L,H,Q494U1-3
1,973570,973570,T,A,507,L,H,Q494U1-2
1,973578,973578,G,A,423,D,N,Q494U1-3
1,973578,973578,G,A,510,D,N,Q494U1-2
1,973594,973594,C,T,515,P,L,Q494U1-2
1,973594,973594,C,T,428,P,L,Q494U1-3
1,973600,973600,C,A,430,T,N,Q494U1-3
1,973600,973600,C,A,517,T,N,Q494U1-2
1,973626,973626,C,T,526,R,W,Q494U1-2
1,973626,973626,C,T,439,R,W,Q494U1-3
1,973627,973627,G,A,439,R,Q,Q494U1-3
1,973627,973627,G,A,526,R,Q,Q494U1-2
1,973629,973629,G,A,527,G,S,Q494U1-2
1,973629,973629,G,T,440,G,C,Q494U1-3
1,973629,973629,G,A,440,G,S,Q494U1-3
1,973629,973629,G,T,527,G,C,Q494U1-2
1,973836,973836,C,T,532,L,F,Q494U1-2
1,973836,973836,C,T,445,L,F,Q494U1-3
1,973847,973847,G,T,535,M,I,Q494U1-2
1,973847,973847,G,T,448,M,I,Q494U1-3
1,973850,973850,G,C,536,Q,H,Q494U1-2
1,973850,973850,G,C,449,Q,H,Q494U1-3
1,973858,973858,G,C,539,R,P,Q494U1-2
1,973858,973858,G,C,452,R,P,Q494U1-3
1,973861,973861,G,A,453,G,E,Q494U1-3
1,973861,973861,G,A,540,G,E,Q494U1-2
1,973867,973867,C,T,455,T,M,Q494U1-3
1,973867,973867,C,T,542,T,M,Q494U1-2
1,973884,973884,C,T,548,P,S,Q494U1-2
1,973884,973884,C,T,461,P,S,Q494U1-3
1,973885,973885,C,T,461,P,L,Q494U1-3
1,973885,973885,C,T,548,P,L,Q494U1-2
1,973888,973888,C,T,549,S,L,Q494U1-2
1,973888,973888,C,T,462,S,L,Q494U1-3
1,973890,973890,G,A,550,V,M,Q494U1-2
1,973890,973890,G,A,463,V,M,Q494U1-3
1,973900,973900,C,T,553,S,F,Q494U1-2
1,973900,973900,C,T,466,S,F,Q494U1-3
1,973929,973929,T,C,476,S,P,Q494U1-3
1,973929,973929,T,C,563,S,P,Q494U1-2
1,973930,973930,C,T,563,S,F,Q494U1-2
1,973930,973930,C,T,476,S,F,Q494U1-3
1,973935,973935,G,T,478,G,C,Q494U1-3
1,973935,973935,G,T,565,G,C,Q494U1-2
1,973936,973936,G,T,478,G,V,Q494U1-3
1,973936,973936,G,T,565,G,V,Q494U1-2
1,973941,973941,G,A,567,A,T,Q494U1-2
1,973941,973941,G,A,480,A,T,Q494U1-3
1,973945,973945,G,T,481,G,V,Q494U1-3
1,973945,973945,G,T,568,G,V,Q494U1-2
1,973951,973951,A,T,483,Y,F,Q494U1-3
1,973951,973951,A,T,570,Y,F,Q494U1-2
1,973960,973960,C,G,573,S,C,Q494U1-2
1,973960,973960,C,G,486,S,C,Q494U1-3
1,973977,973977,C,T,579,Q,*,Q494U1-2
1,973977,973977,C,T,492,Q,*,Q494U1-3
1,973984,973984,G,A,494,R,K,Q494U1-3
1,973984,973984,G,A,581,R,K,Q494U1-2
1,973987,973987,C,T,495,A,V,Q494U1-3
1,973987,973987,C,T,582,A,V,Q494U1-2
1,973989,973989,G,A,496,A,T,Q494U1-3
1,973989,973989,G,A,583,A,T,Q494U1-2
1,973990,973990,C,T,496,A,V,Q494U1-3
1,973990,973990,C,T,583,A,V,Q494U1-2
1,974002,974002,G,A,500,R,Q,Q494U1-3
1,974002,974002,G,T,500,R,L,Q494U1-3
1,974002,974002,G,T,587,R,L,Q494U1-2
1,974002,974002,G,A,587,R,Q,Q494U1-2
1,974016,974016,G,A,592,D,N,Q494U1-2
1,974016,974016,G,A,505,D,N,Q494U1-3
1,974026,974026,C,T,595,P,L,Q494U1-2
1,974026,974026,C,T,508,P,L,Q494U1-3
1,974040,974040,G,A,600,A,T,Q494U1-2
1,974040,974040,G,A,513,A,T,Q494U1-3
1,974044,974044,C,T,601,P,L,Q494U1-2
1,974044,974044,C,T,514,P,L,Q494U1-3
1,974046,974046,C,G,602,Q,E,Q494U1-2
1,974046,974046,C,G,515,Q,E,Q494U1-3
1,974319,974319,T,C,518,S,P,Q494U1-3
1,974319,974319,T,C,605,S,P,Q494U1-2
1,974320,974320,C,G,518,S,C,Q494U1-3
1,974320,974320,C,G,605,S,C,Q494U1-2
1,974328,974328,A,G,608,R,G,Q494U1-2
1,974328,974328,A,G,521,R,G,Q494U1-3
1,974329,974329,G,A,521,R,K,Q494U1-3
1,974329,974329,G,A,608,R,K,Q494U1-2
1,974343,974343,G,A,613,E,K,Q494U1-2
1,974343,974343,G,A,526,E,K,Q494U1-3
1,974356,974356,C,A,530,P,H,Q494U1-3
1,974356,974356,C,A,617,P,H,Q494U1-2
1,974447,974447,C,T,622,R,W,Q494U1-2
1,974447,974447,C,T,535,R,W,Q494U1-3
1,974448,974448,G,A,622,R,Q,Q494U1-2
1,974448,974448,G,A,535,R,Q,Q494U1-3
1,974474,974474,G,A,631,G,S,Q494U1-2
1,974474,974474,G,A,544,G,S,Q494U1-3
1,974484,974484,A,G,547,H,R,Q494U1-3
1,974484,974484,A,G,634,H,R,Q494U1-2
1,974499,974499,C,T,639,T,I,Q494U1-2
1,974499,974499,C,T,552,T,I,Q494U1-3
1,974523,974523,G,C,647,C,S,Q494U1-2
1,974523,974523,G,C,560,C,S,Q494U1-3
1,974540,974540,C,T,653,P,S,Q494U1-2
1,974540,974540,C,T,566,P,S,Q494U1-3
1,974543,974543,G,C,654,E,Q,Q494U1-2
1,974543,974543,G,C,567,E,Q,Q494U1-3
1,974559,974559,T,A,572,L,H,Q494U1-3
1,974559,974559,T,A,659,L,H,Q494U1-2
1,974564,974564,C,T,661,Q,*,Q494U1-2
1,974564,974564,C,T,574,Q,*,Q494U1-3
1,976215,976215,A,G,663,V,A,Q5SV97-3
1,976224,976224,C,T,660,R,H,Q5SV97-3
1,976525,976525,G,A,636,P,L,Q5SV97-3
1,976531,976531,G,A,634,S,L,Q5SV97-3
1,976600,976600,G,A,611,S,L,Q5SV97-3
1,976610,976610,G,T,608,P,T,Q5SV97-3
1,978949,978949,C,T,580,G,E,Q5SV97-3
1,978953,978953,C,G,579,E,Q,Q5SV97-3
1,978979,978979,G,A,570,A,V,Q5SV97-3
1,979003,979003,G,A,562,P,L,Q5SV97-3
1,979004,979004,G,A,562,P,S,Q5SV97-3
1,979013,979013,C,T,559,V,M,Q5SV97-3
1,979034,979034,C,T,552,G,R,Q5SV97-3
1,979061,979061,G,A,543,P,S,Q5SV97-3
1,979117,979117,G,A,524,P,L,Q5SV97-3
1,979129,979129,G,A,520,P,L,Q5SV97-3
1,979135,979135,C,A,518,G,V,Q5SV97-3
1,979138,979138,C,T,517,R,Q,Q5SV97-3
1,979139,979139,G,A,517,R,W,Q5SV97-3
1,979150,979150,C,A,513,R,M,Q5SV97-3
1,979163,979163,C,G,509,V,L,Q5SV97-3
1,979175,979175,A,T,505,F,I,Q5SV97-3
1,979189,979189,T,A,500,D,V,Q5SV97-3
1,979192,979192,G,A,499,P,L,Q5SV97-3
1,979195,979195,C,A,498,W,L,Q5SV97-3
1,979207,979207,G,A,494,A,V,Q5SV97-3
1,979220,979220,C,G,490,G,R,Q5SV97-3
1,979225,979225,G,A,488,A,V,Q5SV97-3
1,979247,979247,T,C,481,N,D,Q5SV97-3
1,979292,979292,G,A,466,L,F,Q5SV97-3
1,979316,979316,G,A,458,P,S,Q5SV97-3
1,979331,979331,C,T,453,V,M,Q5SV97-3
1,979343,979343,G,T,449,P,T,Q5SV97-3
1,979345,979345,G,A,448,P,L,Q5SV97-3
1,979349,979349,G,A,447,R,C,Q5SV97-3
1,979352,979352,G,T,446,P,T,Q5SV97-3
1,979373,979373,G,A,439,P,S,Q5SV97-3
1,979385,979385,G,A,435,R,W,Q5SV97-3
1,979399,979399,A,G,430,V,A,Q5SV97-3
1,979406,979406,C,T,428,E,K,Q5SV97-3
1,979408,979408,C,T,427,W,*,Q5SV97-3
1,979414,979414,C,T,425,G,E,Q5SV97-3
1,979435,979435,G,C,418,T,S,Q5SV97-3
1,979445,979445,G,T,415,Q,K,Q5SV97-3
1,979456,979456,G,A,411,P,L,Q5SV97-3
1,979459,979459,C,T,410,R,Q,Q5SV97-3
1,979472,979472,G,C,406,Q,E,Q5SV97-3
1,979496,979496,T,C,398,S,G,Q5SV97-3
1,979517,979517,G,A,391,R,C,Q5SV97-3
1,979561,979561,G,A,376,A,V,Q5SV97-3
1,979591,979591,G,A,366,S,L,Q5SV97-3
1,979654,979654,C,T,345,W,*,Q5SV97-3
1,979658,979658,C,T,344,A,T,Q5SV97-3
1,979723,979723,G,T,322,P,Q,Q5SV97-3
1,979723,979723,G,A,322,P,L,Q5SV97-3
1,979774,979774,G,T,305,P,Q,Q5SV97-3
1,979808,979808,G,T,294,H,N,Q5SV97-3
1,979844,979844,C,T,282,D,N,Q5SV97-3
1,979853,979853,G,T,279,P,T,Q5SV97-3
1,979930,979930,G,C,253,P,R,Q5SV97-3
1,979942,979942,G,A,249,P,L,Q5SV97-3
1,980008,980008,G,C,227,T,R,Q5SV97-3
1,980029,980029,G,A,220,A,V,Q5SV97-3
1,980041,980041,A,T,216,V,E,Q5SV97-3
1,980051,980051,C,A,213,D,Y,Q5SV97-3
1,980053,980053,C,G,212,R,T,Q5SV97-3
1,980060,980060,A,G,210,S,P,Q5SV97-3
1,980072,980072,A,G,206,S,P,Q5SV97-3
1,980105,980105,G,A,195,P,S,Q5SV97-3
1,980134,980134,G,T,185,A,D,Q5SV97-3
1,980152,980152,C,T,179,R,K,Q5SV97-3
1,980209,980209,C,A,160,R,L,Q5SV97-3
1,980213,980213,G,A,159,R,C,Q5SV97-3
1,980215,980215,G,A,158,P,L,Q5SV97-3
1,980318,980318,G,A,124,P,S,Q5SV97-3
1,980324,980324,G,A,122,P,S,Q5SV97-3
1,980368,980368,G,A,107,A,V,Q5SV97-3
1,980437,980437,G,A,84,A,V,Q5SV97-3
1,980441,980441,C,A,83,G,*,Q5SV97-3
1,980447,980447,G,A,81,H,Y,Q5SV97-3
1,980498,980498,G,A,64,R,W,Q5SV97-3
1,980506,980506,G,A,61,A,V,Q5SV97-3
1,980519,980519,C,T,57,D,N,Q5SV97-3
1,980524,980524,G,A,55,P,L,Q5SV97-3
1,980530,980530,T,A,53,Q,L,Q5SV97-3
1,980572,980572,G,T,39,P,H,Q5SV97-3
1,980572,980572,G,A,39,P,L,Q5SV97-3
1,980610,980610,C,A,26,R,S,Q5SV97-3
1,980653,980653,G,A,12,S,L,Q5SV97-3
1,981154,981154,C,A,5,G,C,Q5SV97-3
1,999099,999099,G,A,209,P,L,Q9HCC6-1
1,999099,999099,G,A,177,P,L,D6REB3-1
1,999105,999105,G,A,207,A,V,Q9HCC6-1
1,999105,999105,G,A,175,A,V,D6REB3-1
1,999117,999117,G,T,171,A,D,D6REB3-1
1,999117,999117,G,T,203,A,D,Q9HCC6-1
1,999129,999129,C,A,167,R,L,D6REB3-1
1,999129,999129,C,A,199,R,L,Q9HCC6-1
1,999157,999157,C,A,158,A,S,D6REB3-1
1,999157,999157,C,A,190,A,S,Q9HCC6-1
1,999160,999160,G,A,157,L,F,D6REB3-1
1,999160,999160,G,A,189,L,F,Q9HCC6-1
1,999166,999166,G,A,155,P,S,D6REB3-1
1,999166,999166,G,A,187,P,S,Q9HCC6-1
1,999172,999172,G,A,153,P,S,D6REB3-1
1,999172,999172,G,A,185,P,S,Q9HCC6-1
1,999199,999199,G,A,144,R,C,D6REB3-1
1,999199,999199,G,A,176,R,C,Q9HCC6-1
1,999211,999211,C,A,172,V,F,Q9HCC6-1
1,999211,999211,C,A,140,V,F,D6REB3-1
1,999241,999241,C,A,130,A,S,D6REB3-1
1,999241,999241,C,A,162,A,S,Q9HCC6-1
1,999315,999315,G,A,137,S,F,Q9HCC6-1
1,999315,999315,G,A,105,S,F,D6REB3-1
1,999319,999319,G,A,136,R,C,Q9HCC6-1
1,999319,999319,G,A,104,R,C,D6REB3-1
1,999327,999327,G,T,133,A,D,Q9HCC6-1
1,999327,999327,G,T,101,A,D,D6REB3-1
1,999340,999340,C,T,129,E,K,Q9HCC6-1
1,999340,999340,C,T,97,E,K,D6REB3-1
1,999345,999345,C,T,127,G,D,Q9HCC6-1
1,999345,999345,C,T,95,G,D,D6REB3-1
1,999357,999357,C,T,123,R,H,Q9HCC6-1
1,999357,999357,C,T,91,R,H,D6REB3-1
1,999390,999390,G,C,80,A,G,D6REB3-1
1,999390,999390,G,C,112,A,G,Q9HCC6-1
1,999390,999390,G,A,80,A,V,D6REB3-1
1,999390,999390,G,A,112,A,V,Q9HCC6-1
1,999414,999414,G,T,72,P,H,D6REB3-1
1,999414,999414,G,T,104,P,H,Q9HCC6-1
1,999417,999417,T,G,103,D,A,Q9HCC6-1
1,999417,999417,T,G,71,D,A,D6REB3-1
1,999552,999552,C,T,89,R,Q,Q9HCC6-1
1,999552,999552,C,T,57,R,Q,D6REB3-1
1,999553,999553,G,A,89,R,W,Q9HCC6-1
1,999553,999553,G,A,57,R,W,D6REB3-1
1,999555,999555,A,G,88,L,P,Q9HCC6-1
1,999555,999555,A,G,56,L,P,D6REB3-1
1,999557,999557,G,C,87,H,Q,Q9HCC6-1
1,999557,999557,G,C,55,H,Q,D6REB3-1
1,999592,999592,C,A,76,E,*,Q9HCC6-1
1,999592,999592,C,A,44,E,*,D6REB3-1
1,999606,999606,C,T,71,R,H,Q9HCC6-1
1,999606,999606,C,T,39,R,H,D6REB3-1
1,999610,999610,A,G,70,S,P,Q9HCC6-1
1,999610,999610,A,G,38,S,P,D6REB3-1
1,999696,999696,T,A,67,K,I,Q9HCC6-1
1,999699,999699,C,A,66,R,I,Q9HCC6-1
1,999707,999707,G,T,63,D,E,Q9HCC6-1
1,999750,999750,C,A,49,R,L,Q9HCC6-1
1,999753,999753,G,A,48,A,V,Q9HCC6-1
1,999763,999763,G,A,45,R,W,Q9HCC6-1
1,999771,999771,A,G,42,M,T,Q9HCC6-1
1,999772,999772,T,C,42,M,V,Q9HCC6-1
1,999777,999777,G,C,40,P,R,Q9HCC6-1
1,999888,999888,C,A,29,R,L,Q9HCC6-1
1,999888,999888,C,A,29,R,L,D6REB3-1
1,999900,999900,G,T,25,P,Q,D6REB3-1
1,999900,999900,G,T,25,P,Q,Q9HCC6-1
1,999922,999922,G,A,18,P,S,D6REB3-1
1,999922,999922,G,A,18,P,S,Q9HCC6-1
1,999939,999939,G,C,12,S,W,D6REB3-1
1,999939,999939,G,C,12,S,W,Q9HCC6-1
1,1014012,1014012,C,T,3,A,V,A0A096LPJ4-1
1,1014020,1014020,G,A,6,E,K,A0A096LPJ4-1
1,1014035,1014035,C,A,11,L,M,A0A096LPJ4-1
1,1014036,1014036,T,C,11,L,P,A0A096LPJ4-1
1,1014050,1014050,T,C,16,S,P,A0A096LPJ4-1
1,1014059,1014059,G,T,19,E,*,A0A096LPJ4-1
1,1014089,1014089,G,A,29,G,S,A0A096LPJ4-1
1,1014090,1014090,G,T,29,G,V,A0A096LPJ4-1
1,1014098,1014098,G,A,32,A,T,A0A096LPJ4-1
1,1014111,1014111,G,T,36,R,L,A0A096LPJ4-1
1,1014111,1014111,G,A,36,R,H,A0A096LPJ4-1
1,1014117,1014117,C,A,38,A,D,A0A096LPJ4-1
1,1014117,1014117,C,T,38,A,V,A0A096LPJ4-1
1,1014126,1014126,C,T,41,P,L,A0A096LPJ4-1
1,1014131,1014131,G,A,43,G,S,A0A096LPJ4-1
1,1014158,1014158,C,A,52,L,I,A0A096LPJ4-1
1,1014165,1014165,G,A,54,S,N,A0A096LPJ4-1
1,1014182,1014182,G,A,60,G,S,A0A096LPJ4-1
1,1014183,1014183,G,A,60,G,D,A0A096LPJ4-1
1,1014189,1014189,C,T,62,T,M,A0A096LPJ4-1
1,1014228,1014228,G,A,75,S,N,A0A096LPJ4-1
1,1014244,1014244,T,A,80,N,K,A0A096LPJ4-1
1,1014276,1014276,G,A,91,R,Q,A0A096LPJ4-1
1,1014276,1014276,G,T,91,R,L,A0A096LPJ4-1
1,1014282,1014282,C,T,93,T,M,A0A096LPJ4-1
1,1014337,1014337,C,A,111,D,E,A0A096LPJ4-1
1,1014338,1014338,G,A,112,D,N,A0A096LPJ4-1
1,1014346,1014346,C,G,114,F,L,A0A096LPJ4-1
1,1014359,1014359,G,A,119,E,K,A0A096LPJ4-1
1,1014362,1014362,G,T,120,G,W,A0A096LPJ4-1
1,1014368,1014368,C,T,122,P,S,A0A096LPJ4-1
1,1014372,1014372,T,C,123,L,P,A0A096LPJ4-1
1,1014374,1014374,G,A,124,E,K,A0A096LPJ4-1
1,1014386,1014386,C,T,128,P,S,A0A096LPJ4-1
1,1014387,1014387,C,A,128,P,Q,A0A096LPJ4-1
1,1014401,1014401,G,A,133,G,S,A0A096LPJ4-1
1,1014411,1014411,C,T,136,P,L,A0A096LPJ4-1
1,1014413,1014413,C,A,137,L,M,A0A096LPJ4-1
1,1014416,1014416,A,G,138,S,G,A0A096LPJ4-1
1,1014418,1014418,C,A,138,S,R,A0A096LPJ4-1
1,1014420,1014420,C,T,139,T,I,A0A096LPJ4-1
1,1014426,1014426,T,C,141,F,S,A0A096LPJ4-1
1,1014434,1014434,C,A,144,L,M,A0A096LPJ4-1
1,1014438,1014438,G,A,145,R,H,A0A096LPJ4-1
1,1014452,1014452,G,A,150,G,S,A0A096LPJ4-1
1,1014458,1014458,G,T,152,E,*,A0A096LPJ4-1
1,1014458,1014458,G,A,152,E,K,A0A096LPJ4-1
1,1014467,1014467,G,A,155,G,R,A0A096LPJ4-1
1,1022430,1022430,G,A,6,R,Q,A0A087X208-1
1,1022435,1022435,C,G,8,L,V,A0A087X208-1
1,1022435,1022435,C,A,8,L,M,A0A087X208-1
1,1022447,1022447,G,A,12,E,K,A0A087X208-1
1,1022459,1022459,G,A,16,E,K,A0A087X208-1
1,1035282,1035282,C,A,19,P,T,A0A087X208-1
1,1035285,1035285,G,A,20,G,R,A0A087X208-1
1,1035301,1035301,C,T,25,P,L,A0A087X208-1
1,1035303,1035303,G,T,26,V,L,A0A087X208-1
1,1035307,1035307,C,T,27,P,L,A0A087X208-1
1,1035321,1035321,G,A,32,D,N,A0A087X208-1
1,1040674,1040674,G,A,36,G,E,A0A087X208-1
1,1040684,1040684,C,A,39,C,*,A0A087X208-1
1,1040685,1040685,G,T,40,G,C,A0A087X208-1
1,1040690,1040690,C,A,41,F,L,A0A087X208-1
1,1040758,1040758,G,T,64,C,F,A0A087X208-1
1,1040790,1040790,G,T,75,D,Y,A0A087X208-1
1,1040808,1040808,A,G,81,N,D,A0A087X208-1
1,1040826,1040826,C,T,87,R,W,A0A087X208-1
1,1040829,1040829,G,T,88,A,S,A0A087X208-1
1,1040850,1040850,C,A,95,R,S,A0A087X208-1
1,1040851,1040851,G,A,95,R,H,A0A087X208-1
1,1040866,1040866,G,T,100,S,I,A0A087X208-1
1,1040879,1040879,C,G,104,C,W,A0A087X208-1
1,1041176,1041176,C,T,106,S,L,A0A087X208-1
1,1041207,1041207,C,A,116,S,R,A0A087X208-1
1,1041211,1041211,G,A,118,G,S,A0A087X208-1
1,1041221,1041221,G,T,121,C,F,A0A087X208-1
1,1041227,1041227,G,A,123,R,H,A0A087X208-1
1,1041232,1041232,G,C,125,A,P,A0A087X208-1
1,1041262,1041262,C,T,135,P,S,A0A087X208-1
1,1041266,1041266,C,T,136,A,V,A0A087X208-1
1,1041325,1041325,G,A,156,G,S,A0A087X208-1
1,1041328,1041328,G,A,157,E,K,A0A087X208-1
1,1041343,1041343,C,T,162,R,C,A0A087X208-1
1,1041349,1041349,G,A,164,A,T,A0A087X208-1
1,1041350,1041350,C,T,164,A,V,A0A087X208-1
1,1041355,1041355,G,A,166,A,T,A0A087X208-1
1,1041359,1041359,G,A,167,R,H,A0A087X208-1
1,1041370,1041370,G,A,171,V,I,A0A087X208-1
1,1041388,1041388,G,A,177,G,S,A0A087X208-1
1,1041389,1041389,G,T,177,G,V,A0A087X208-1
1,1041492,1041492,G,T,185,A,S,A0A087X208-1
1,1041510,1041510,C,T,191,R,C,A0A087X208-1
1,1041514,1041514,G,T,192,S,I,A0A087X208-1
1,1041515,1041515,C,A,192,S,R,A0A087X208-1
1,1041519,1041519,C,T,194,R,C,A0A087X208-1
1,1041520,1041520,G,T,194,R,L,A0A087X208-1
1,1041529,1041529,C,T,197,P,L,A0A087X208-1
1,1041532,1041532,G,A,198,R,H,A0A087X208-1
1,1041534,1041534,A,G,199,T,A,A0A087X208-1
1,1041540,1041540,C,T,201,R,C,A0A087X208-1
1,1041541,1041541,G,A,201,R,H,A0A087X208-1
1,1041559,1041559,G,T,207,R,L,A0A087X208-1
1,1041566,1041566,G,C,209,E,D,A0A087X208-1
1,1041577,1041577,C,T,213,A,V,A0A087X208-1
1,1041580,1041580,G,A,214,R,Q,A0A087X208-1
1,1041603,1041603,G,A,222,D,N,A0A087X208-1
1,1041606,1041606,G,A,223,G,R,A0A087X208-1
1,1041610,1041610,T,G,224,V,G,A0A087X208-1
1,1041618,1041618,G,A,227,E,K,A0A087X208-1
1,1041623,1041623,C,A,228,N,K,A0A087X208-1
1,1041628,1041628,G,C,230,C,S,A0A087X208-1
1,1041634,1041634,T,C,232,M,T,A0A087X208-1
1,1041643,1041643,C,T,235,S,L,A0A087X208-1
1,1041646,1041646,G,T,236,G,V,A0A087X208-1
1,1041648,1041648,G,T,237,A,S,A0A087X208-1
1,1041649,1041649,C,T,237,A,V,A0A087X208-1
1,1041651,1041651,G,A,238,A,T,A0A087X208-1
1,1041660,1041660,C,T,241,L,F,A0A087X208-1
1,1041678,1041678,C,T,247,R,C,A0A087X208-1
1,1041679,1041679,G,A,247,R,H,A0A087X208-1
1,1041959,1041959,A,G,256,Q,R,A0A087X208-1
1,1041964,1041964,C,A,258,P,T,A0A087X208-1
1,1041976,1041976,C,T,262,R,W,A0A087X208-1
1,1041980,1041980,T,C,263,F,S,A0A087X208-1
1,1041986,1041986,C,T,265,A,V,A0A087X208-1
1,1041993,1041993,C,A,267,C,*,A0A087X208-1
1,1041997,1041997,T,C,269,S,P,A0A087X208-1
1,1042003,1042003,C,A,271,R,S,A0A087X208-1
1,1042010,1042010,G,T,273,R,L,A0A087X208-1
1,1042010,1042010,G,A,273,R,H,A0A087X208-1
1,1042030,1042030,C,G,280,R,G,A0A087X208-1
1,1042031,1042031,G,A,280,R,H,A0A087X208-1
1,1042045,1042045,G,A,285,G,R,A0A087X208-1
1,1042045,1042045,G,T,285,G,W,A0A087X208-1
1,1042060,1042060,G,A,290,V,M,A0A087X208-1
1,1042067,1042067,C,T,292,A,V,A0A087X208-1
1,1042075,1042075,G,A,295,G,R,A0A087X208-1
1,1042079,1042079,G,A,296,R,H,A0A087X208-1
1,1042082,1042082,C,T,297,T,M,A0A087X208-1
1,1042100,1042100,G,A,303,W,*,A0A087X208-1
1,1042103,1042103,G,T,304,R,L,A0A087X208-1
1,1042111,1042111,G,T,307,A,S,A0A087X208-1
1,1042114,1042114,G,C,308,E,Q,A0A087X208-1
1,1042121,1042121,G,A,310,R,Q,A0A087X208-1
1,1042123,1042123,C,T,311,Q,*,A0A087X208-1
1,1042130,1042130,G,A,313,R,H,A0A087X208-1
1,1042139,1042139,C,A,316,P,H,A0A087X208-1
1,1042153,1042153,G,T,321,G,C,A0A087X208-1
1,1043245,1043245,C,T,326,A,V,A0A087X208-1
1,1043248,1043248,C,A,327,P,Q,A0A087X208-1
1,1043248,1043248,C,T,327,P,L,A0A087X208-1
1,1043253,1043253,C,T,329,P,S,A0A087X208-1
1,1043280,1043280,G,T,338,G,W,A0A087X208-1
1,1043283,1043283,G,C,339,A,P,A0A087X208-1
1,1043284,1043284,C,T,339,A,V,A0A087X208-1
1,1043287,1043287,C,T,340,T,M,A0A087X208-1
1,1043293,1043293,C,T,342,A,V,A0A087X208-1
1,1043314,1043314,C,T,349,A,V,A0A087X208-1
1,1043317,1043317,G,T,350,C,F,A0A087X208-1
1,1043328,1043328,C,T,354,Q,*,A0A087X208-1
1,1043329,1043329,A,G,354,Q,R,A0A087X208-1
1,1043338,1043338,C,A,357,S,*,A0A087X208-1
1,1043338,1043338,C,G,357,S,W,A0A087X208-1
1,1043349,1043349,G,A,361,D,N,A0A087X208-1
1,1043359,1043359,G,A,364,C,Y,A0A087X208-1
1,1043360,1043360,C,A,364,C,*,A0A087X208-1
1,1043370,1043370,G,A,368,G,S,A0A087X208-1
1,1043382,1043382,G,A,372,G,S,A0A087X208-1
1,1043389,1043389,C,T,374,A,V,A0A087X208-1
1,1043416,1043416,C,T,383,T,I,A0A087X208-1
1,1043425,1043425,G,A,386,R,Q,A0A087X208-1
1,1043440,1043440,C,T,391,A,V,A0A087X208-1
1,1043442,1043442,C,T,392,R,C,A0A087X208-1
1,1043457,1043457,G,A,397,D,N,A0A087X208-1
1,1043550,1043550,A,C,401,Q,P,A0A087X208-1
1,1043552,1043552,T,C,402,C,R,A0A087X208-1
1,1043564,1043564,G,T,406,A,S,A0A087X208-1
1,1043567,1043567,C,G,407,L,V,A0A087X208-1
1,1043573,1043573,G,A,409,E,K,A0A087X208-1
1,1043579,1043579,G,A,411,E,K,A0A087X208-1
1,1043594,1043594,G,A,416,V,M,A0A087X208-1
1,1043600,1043600,C,T,418,P,S,A0A087X208-1
1,1043600,1043600,C,A,418,P,T,A0A087X208-1
1,1043612,1043612,G,A,422,V,M,A0A087X208-1
1,1043630,1043630,G,A,428,V,M,A0A087X208-1
1,1043640,1043640,C,T,431,S,F,A0A087X208-1
1,1043642,1043642,G,A,432,D,N,A0A087X208-1
1,1043645,1043645,G,T,433,G,W,A0A087X208-1
1,1043652,1043652,C,T,435,T,M,A0A087X208-1
1,1043667,1043667,G,C,440,C,S,A0A087X208-1
1,1043672,1043672,C,A,442,L,M,A0A087X208-1
1,1043679,1043679,T,C,444,V,A,A0A087X208-1
1,1043690,1043690,A,G,448,T,A,A0A087X208-1
1,1043711,1043711,G,A,455,V,M,A0A087X208-1
1,1043711,1043711,G,T,455,V,L,A0A087X208-1
1,1043718,1043718,C,T,457,S,L,A0A087X208-1
1,1043831,1043831,G,C,465,G,R,A0A087X208-1
1,1043831,1043831,G,T,465,G,*,A0A087X208-1
1,1043832,1043832,G,T,465,G,V,A0A087X208-1
1,1043846,1043846,G,T,470,A,S,A0A087X208-1
1,1043865,1043865,C,T,476,S,F,A0A087X208-1
1,1043867,1043867,G,A,477,A,T,A0A087X208-1
1,1043870,1043870,G,T,478,G,W,A0A087X208-1
1,1043874,1043874,A,T,479,Q,L,A0A087X208-1
1,1043888,1043888,C,G,484,R,G,A0A087X208-1
1,1043889,1043889,G,T,484,R,L,A0A087X208-1
1,1043894,1043894,G,A,486,E,K,A0A087X208-1
1,1043901,1043901,C,G,488,P,R,A0A087X208-1
1,1043903,1043903,C,T,489,P,S,A0A087X208-1
1,1043904,1043904,C,T,489,P,L,A0A087X208-1
1,1043906,1043906,C,G,490,P,A,A0A087X208-1
1,1043919,1043919,G,C,494,C,S,A0A087X208-1
1,1043922,1043922,G,A,495,G,D,A0A087X208-1
1,1043942,1043942,G,T,502,G,C,A0A087X208-1
1,1043954,1043954,G,A,506,E,K,A0A087X208-1
1,1043960,1043960,C,T,508,R,W,A0A087X208-1
1,1043963,1043963,G,A,509,E,K,A0A087X208-1
1,1043967,1043967,C,T,510,A,V,A0A087X208-1
1,1043973,1043973,G,T,512,C,F,A0A087X208-1
1,1043975,1043975,C,T,513,L,F,A0A087X208-1
1,1043999,1043999,G,A,521,A,T,A0A087X208-1
1,1044020,1044020,C,T,528,Q,*,A0A087X208-1
1,1044123,1044123,G,A,534,G,R,A0A087X208-1
1,1044133,1044133,G,A,537,G,D,A0A087X208-1
1,1044158,1044158,G,C,545,E,D,A0A087X208-1
1,1044169,1044169,G,T,549,C,F,A0A087X208-1
1,1044172,1044172,G,A,550,R,Q,A0A087X208-1
1,1044177,1044177,C,T,552,R,C,A0A087X208-1
1,1044180,1044180,G,A,553,G,S,A0A087X208-1
1,1044184,1044184,G,T,554,G,V,A0A087X208-1
1,1044205,1044205,A,C,561,E,A,A0A087X208-1
1,1044210,1044210,G,A,563,G,R,A0A087X208-1
1,1044211,1044211,G,T,563,G,V,A0A087X208-1
1,1044214,1044214,C,T,564,P,L,A0A087X208-1
1,1044225,1044225,G,A,568,D,N,A0A087X208-1
1,1044236,1044236,C,G,571,C,W,A0A087X208-1
1,1044246,1044246,C,T,575,P,S,A0A087X208-1
1,1044249,1044249,G,A,576,G,S,A0A087X208-1
1,1044334,1044334,G,A,579,V,M,A0A087X208-1
1,1044341,1044341,G,T,581,G,V,A0A087X208-1
1,1044350,1044350,G,T,584,G,V,A0A087X208-1
1,1044350,1044350,G,A,584,G,E,A0A087X208-1
1,1044369,1044369,G,C,590,E,D,A0A087X208-1
1,1044386,1044386,C,T,596,A,V,A0A087X208-1
1,1044390,1044390,G,T,597,R,S,A0A087X208-1
1,1044402,1044402,G,C,601,Q,H,A0A087X208-1
1,1044404,1044404,G,A,602,R,Q,A0A087X208-1
1,1044413,1044413,A,G,605,Y,C,A0A087X208-1
1,1044422,1044422,C,T,608,A,V,A0A087X208-1
1,1044430,1044430,G,T,611,A,S,A0A087X208-1
1,1044437,1044437,G,A,613,R,Q,A0A087X208-1
1,1045172,1045172,G,A,618,A,T,A0A087X208-1
1,1045173,1045173,C,T,618,A,V,A0A087X208-1
1,1045176,1045176,C,T,619,P,L,A0A087X208-1
1,1045182,1045182,C,T,621,P,L,A0A087X208-1
1,1045191,1045191,C,T,624,A,V,A0A087X208-1
1,1045206,1045206,C,T,629,A,V,A0A087X208-1
1,1045212,1045212,C,T,631,T,M,A0A087X208-1
1,1045214,1045214,C,T,632,P,S,A0A087X208-1
1,1045218,1045218,A,G,633,Y,C,A0A087X208-1
1,1045219,1045219,C,A,633,Y,*,A0A087X208-1
1,1045236,1045236,A,G,639,N,S,A0A087X208-1
1,1045238,1045238,A,G,640,I,V,A0A087X208-1
1,1045244,1045244,G,A,642,A,T,A0A087X208-1
1,1045251,1045251,G,A,644,R,Q,A0A087X208-1
1,1045256,1045256,G,A,646,V,M,A0A087X208-1
1,1045259,1045259,G,A,647,G,S,A0A087X208-1
1,1045275,1045275,C,T,652,P,L,A0A087X208-1
1,1045382,1045382,G,T,661,G,C,A0A087X208-1
1,1045394,1045394,G,A,665,G,S,A0A087X208-1
1,1045418,1045418,C,T,673,Q,*,A0A087X208-1
1,1045431,1045431,G,T,677,R,L,A0A087X208-1
1,1045446,1045446,G,A,682,G,D,A0A087X208-1
1,1045460,1045460,C,A,687,R,S,A0A087X208-1
1,1045461,1045461,G,A,687,R,H,A0A087X208-1
1,1045469,1045469,C,T,690,P,S,A0A087X208-1
1,1045480,1045480,G,T,693,W,C,A0A087X208-1
1,1045483,1045483,C,G,694,N,K,A0A087X208-1
1,1045484,1045484,T,G,695,F,V,A0A087X208-1
1,1045487,1045487,C,T,696,R,*,A0A087X208-1
1,1045496,1045496,G,C,699,V,L,A0A087X208-1
1,1045502,1045502,G,A,701,D,N,A0A087X208-1
1,1045515,1045515,G,A,705,G,D,A0A087X208-1
1,1045523,1045523,C,A,708,P,T,A0A087X208-1
1,1045736,1045736,G,A,709,C,Y,A0A087X208-1
1,1045741,1045741,T,G,711,C,G,A0A087X208-1
1,1045744,1045744,G,T,712,D,Y,A0A087X208-1
1,1045747,1045747,C,T,713,P,S,A0A087X208-1
1,1045751,1045751,A,G,714,Q,R,A0A087X208-1
1,1045759,1045759,G,A,717,V,M,A0A087X208-1
1,1045763,1045763,G,A,718,R,Q,A0A087X208-1
1,1045784,1045784,C,T,725,T,M,A0A087X208-1
1,1045787,1045787,G,T,726,G,V,A0A087X208-1
1,1045796,1045796,C,T,729,S,L,A0A087X208-1
1,1045804,1045804,C,T,732,P,S,A0A087X208-1
1,1045805,1045805,C,T,732,P,L,A0A087X208-1
1,1045817,1045817,G,T,736,G,V,A0A087X208-1
1,1045819,1045819,C,T,737,P,S,A0A087X208-1
1,1045826,1045826,G,A,739,C,Y,A0A087X208-1
1,1045843,1045843,G,T,745,G,C,A0A087X208-1
1,1045844,1045844,G,T,745,G,V,A0A087X208-1
1,1045852,1045852,C,A,748,L,M,A0A087X208-1
1,1045855,1045855,G,T,749,G,C,A0A087X208-1
1,1045868,1045868,G,A,753,C,Y,A0A087X208-1
1,1045870,1045870,G,A,754,E,K,A0A087X208-1
1,1045966,1045966,G,A,757,A,T,A0A087X208-1
1,1045973,1045973,C,T,759,A,V,A0A087X208-1
1,1045984,1045984,T,A,763,C,S,A0A087X208-1
1,1045988,1045988,C,T,764,A,V,A0A087X208-1
1,1045996,1045996,C,T,767,R,C,A0A087X208-1
1,1046002,1046002,G,A,769,E,K,A0A087X208-1
1,1046012,1046012,C,T,772,A,V,A0A087X208-1
1,1046015,1046015,G,A,773,R,Q,A0A087X208-1
1,1046020,1046020,G,A,775,V,M,A0A087X208-1
1,1046035,1046035,T,G,780,S,A,A0A087X208-1
1,1046036,1046036,C,T,780,S,L,A0A087X208-1
1,1046054,1046054,C,A,786,P,Q,A0A087X208-1
1,1046063,1046063,C,G,789,T,S,A0A087X208-1
1,1046071,1046071,G,A,792,E,K,A0A087X208-1
1,1046080,1046080,G,A,795,A,T,A0A087X208-1
1,1046081,1046081,C,G,795,A,G,A0A087X208-1
1,1046167,1046167,G,A,800,G,E,A0A087X208-1
1,1046187,1046187,G,A,807,G,S,A0A087X208-1
1,1046214,1046214,G,A,816,A,T,A0A087X208-1
1,1046221,1046221,G,A,818,R,H,A0A087X208-1
1,1046227,1046227,G,A,820,G,D,A0A087X208-1
1,1046232,1046232,C,T,822,Q,*,A0A087X208-1
1,1046239,1046239,C,A,824,S,Y,A0A087X208-1
1,1046256,1046256,C,T,830,P,S,A0A087X208-1
1,1046257,1046257,C,T,830,P,L,A0A087X208-1
1,1046412,1046412,G,A,838,S,N,A0A087X208-1
1,1046415,1046415,C,T,839,T,I,A0A087X208-1
1,1046478,1046478,C,T,860,P,L,A0A087X208-1
1,1046486,1046486,C,T,863,P,S,A0A087X208-1
1,1046487,1046487,C,T,863,P,L,A0A087X208-1
1,1046489,1046489,G,C,864,G,R,A0A087X208-1
1,1046496,1046496,T,C,866,L,P,A0A087X208-1
1,1046507,1046507,C,T,870,P,S,A0A087X208-1
1,1046511,1046511,G,A,871,S,N,A0A087X208-1
1,1046516,1046516,A,G,873,T,A,A0A087X208-1
1,1046519,1046519,G,A,874,A,T,A0A087X208-1
1,1046526,1046526,G,A,876,S,N,A0A087X208-1
1,1046540,1046540,C,T,881,P,S,A0A087X208-1
1,1046541,1046541,C,A,881,P,Q,A0A087X208-1
1,1046550,1046550,C,T,884,S,L,A0A087X208-1
1,1046553,1046553,G,A,885,R,Q,A0A087X208-1
1,1046553,1046553,G,C,885,R,P,A0A087X208-1
1,1046558,1046558,C,G,887,R,G,A0A087X208-1
1,1046559,1046559,G,A,887,R,Q,A0A087X208-1
1,1046562,1046562,C,A,888,T,N,A0A087X208-1
1,1046573,1046573,G,A,892,V,I,A0A087X208-1
1,1046577,1046577,C,A,893,P,H,A0A087X208-1
1,1046580,1046580,G,T,894,R,M,A0A087X208-1
1,1046588,1046588,G,A,897,V,M,A0A087X208-1
1,1046597,1046597,G,A,900,V,M,A0A087X208-1
1,1046610,1046610,C,T,904,P,L,A0A087X208-1
1,1046618,1046618,G,A,907,A,T,A0A087X208-1
1,1046646,1046646,C,T,916,A,V,A0A087X208-1
1,1046663,1046663,T,A,922,S,T,A0A087X208-1
1,1046664,1046664,C,T,922,S,F,A0A087X208-1
1,1046721,1046721,G,T,941,G,V,A0A087X208-1
1,1046723,1046723,G,T,942,G,C,A0A087X208-1
1,1046735,1046735,G,T,946,G,W,A0A087X208-1
1,1046828,1046828,C,A,949,P,T,A0A087X208-1
1,1046832,1046832,T,G,950,L,W,A0A087X208-1
1,1046833,1046833,G,C,950,L,F,A0A087X208-1
1,1046846,1046846,G,A,955,V,M,A0A087X208-1
1,1046850,1046850,C,A,956,A,D,A0A087X208-1
1,1046855,1046855,C,A,958,P,T,A0A087X208-1
1,1046855,1046855,C,T,958,P,S,A0A087X208-1
1,1046864,1046864,C,T,961,P,S,A0A087X208-1
1,1046874,1046874,G,A,964,R,K,A0A087X208-1
1,1046883,1046883,G,T,967,C,F,A0A087X208-1
1,1046894,1046894,G,A,971,A,T,A0A087X208-1
1,1046895,1046895,C,T,971,A,V,A0A087X208-1
1,1046900,1046900,G,C,973,G,R,A0A087X208-1
1,1046922,1046922,C,T,980,T,M,A0A087X208-1
1,1046936,1046936,G,T,985,A,S,A0A087X208-1
1,1046940,1046940,A,T,986,E,V,A0A087X208-1
1,1046941,1046941,G,T,986,E,D,A0A087X208-1
1,1047333,1047333,A,G,994,K,R,A0A087X208-1
1,1047340,1047340,C,A,996,F,L,A0A087X208-1
1,1047342,1047342,A,G,997,Q,R,A0A087X208-1
1,1047347,1047347,G,A,999,V,I,A0A087X208-1
1,1047392,1047392,C,T,1014,P,S,A0A087X208-1
1,1047396,1047396,A,T,1015,E,V,A0A087X208-1
1,1047417,1047417,A,T,1022,E,V,A0A087X208-1
1,1047425,1047425,G,A,1025,G,R,A0A087X208-1
1,1047588,1047588,C,T,1040,R,W,A0A087X208-1
1,1047589,1047589,G,A,1040,R,Q,A0A087X208-1
1,1047589,1047589,G,T,1040,R,L,A0A087X208-1
1,1047616,1047616,G,A,1049,R,Q,A0A087X208-1
1,1047634,1047634,A,G,1055,D,G,A0A087X208-1
1,1047643,1047643,C,T,1058,P,L,A0A087X208-1
1,1047646,1047646,G,A,1059,G,D,A0A087X208-1
1,1047654,1047654,G,A,1062,V,I,A0A087X208-1
1,1047655,1047655,T,A,1062,V,D,A0A087X208-1
1,1047657,1047657,C,T,1063,R,C,A0A087X208-1
1,1047658,1047658,G,A,1063,R,H,A0A087X208-1
1,1047660,1047660,G,A,1064,A,T,A0A087X208-1
1,1047666,1047666,G,C,1066,V,L,A0A087X208-1
1,1047782,1047782,C,T,1075,A,V,A0A087X208-1
1,1047790,1047790,G,A,1078,A,T,A0A087X208-1
1,1047794,1047794,C,T,1079,P,L,A0A087X208-1
1,1047799,1047799,G,A,1081,V,M,A0A087X208-1
1,1047806,1047806,G,T,1083,R,L,A0A087X208-1
1,1047815,1047815,T,G,1086,L,R,A0A087X208-1
1,1047818,1047818,G,A,1087,R,Q,A0A087X208-1
1,1047822,1047822,G,T,1088,Q,H,A0A087X208-1
1,1047829,1047829,G,T,1091,V,L,A0A087X208-1
1,1047833,1047833,C,G,1092,S,C,A0A087X208-1
1,1047838,1047838,C,T,1094,R,C,A0A087X208-1
1,1047839,1047839,G,A,1094,R,H,A0A087X208-1
1,1047841,1047841,C,T,1095,R,W,A0A087X208-1
1,1047845,1047845,C,T,1096,S,F,A0A087X208-1
1,1047850,1047850,G,T,1098,G,W,A0A087X208-1
1,1047859,1047859,C,T,1101,R,W,A0A087X208-1
1,1047863,1047863,C,T,1102,P,L,A0A087X208-1
1,1047877,1047877,G,A,1107,V,M,A0A087X208-1
1,1047880,1047880,C,T,1108,R,*,A0A087X208-1
1,1047886,1047886,A,T,1110,M,L,A0A087X208-1
1,1048023,1048023,G,A,1117,A,T,A0A087X208-1
1,1048024,1048024,C,T,1117,A,V,A0A087X208-1
1,1048063,1048063,G,A,1130,G,E,A0A087X208-1
1,1048072,1048072,C,G,1133,A,G,A0A087X208-1
1,1048092,1048092,C,T,1140,R,C,A0A087X208-1
1,1048093,1048093,G,A,1140,R,H,A0A087X208-1
1,1048119,1048119,C,T,1149,R,W,A0A087X208-1
1,1048120,1048120,G,A,1149,R,Q,A0A087X208-1
1,1048126,1048126,C,T,1151,P,L,A0A087X208-1
1,1048149,1048149,C,T,1159,P,S,A0A087X208-1
1,1048152,1048152,G,A,1160,V,I,A0A087X208-1
1,1048156,1048156,C,T,1161,A,V,A0A087X208-1
1,1048160,1048160,G,T,1162,K,N,A0A087X208-1
1,1048182,1048182,C,G,1170,R,G,A0A087X208-1
1,1048182,1048182,C,T,1170,R,C,A0A087X208-1
1,1048183,1048183,G,A,1170,R,H,A0A087X208-1
1,1048191,1048191,C,T,1173,P,S,A0A087X208-1
1,1048197,1048197,A,G,1175,T,A,A0A087X208-1
1,1048218,1048218,G,A,1182,G,R,A0A087X208-1
1,1048234,1048234,C,G,1187,A,G,A0A087X208-1
1,1048246,1048246,C,A,1191,P,H,A0A087X208-1
1,1048264,1048264,C,T,1197,S,L,A0A087X208-1
1,1048278,1048278,C,T,1202,H,Y,A0A087X208-1
1,1048278,1048278,C,A,1202,H,N,A0A087X208-1
1,1048330,1048330,G,T,1219,C,F,A0A087X208-1
1,1048870,1048870,T,C,1232,L,P,A0A087X208-1
1,1048878,1048878,C,T,1235,P,S,A0A087X208-1
1,1048926,1048926,C,T,1251,R,C,A0A087X208-1
1,1048926,1048926,C,A,1251,R,S,A0A087X208-1
1,1048939,1048939,C,G,1255,T,R,A0A087X208-1
1,1048944,1048944,C,T,1257,R,C,A0A087X208-1
1,1048963,1048963,G,T,1263,R,L,A0A087X208-1
1,1048998,1048998,G,A,1275,G,S,A0A087X208-1
1,1049010,1049010,G,T,1279,G,C,A0A087X208-1
1,1049032,1049032,C,T,1286,A,V,A0A087X208-1
1,1049046,1049046,C,T,1291,R,C,A0A087X208-1
1,1049050,1049050,T,C,1292,V,A,A0A087X208-1
1,1049274,1049274,C,T,1308,A,V,A0A087X208-1
1,1049276,1049276,G,A,1309,V,M,A0A087X208-1
1,1049277,1049277,T,A,1309,V,E,A0A087X208-1
1,1049289,1049289,C,T,1313,P,L,A0A087X208-1
1,1049318,1049318,C,T,1323,R,W,A0A087X208-1
1,1049319,1049319,G,A,1323,R,Q,A0A087X208-1
1,1049327,1049327,C,T,1326,R,C,A0A087X208-1
1,1049334,1049334,G,A,1328,G,D,A0A087X208-1
1,1049352,1049352,G,T,1334,G,V,A0A087X208-1
1,1049352,1049352,G,A,1334,G,D,A0A087X208-1
1,1049354,1049354,G,A,1335,E,K,A0A087X208-1
1,1049355,1049355,A,T,1335,E,V,A0A087X208-1
1,1049358,1049358,C,T,1336,T,I,A0A087X208-1
1,1049361,1049361,C,A,1337,P,H,A0A087X208-1
1,1049374,1049374,G,C,1341,E,D,A0A087X208-1
1,1049379,1049379,C,G,1343,P,R,A0A087X208-1
1,1049393,1049393,G,A,1348,G,S,A0A087X208-1
1,1049405,1049405,G,A,1352,D,N,A0A087X208-1
1,1049409,1049409,C,T,1353,T,I,A0A087X208-1
1,1049411,1049411,G,A,1354,D,N,A0A087X208-1
1,1049426,1049426,G,A,1359,G,S,A0A087X208-1
1,1049429,1049429,G,A,1360,V,I,A0A087X208-1
1,1049432,1049432,C,T,1361,P,S,A0A087X208-1
1,1049435,1049435,G,A,1362,E,K,A0A087X208-1
1,1049438,1049438,G,A,1363,D,N,A0A087X208-1
1,1049450,1049450,G,A,1367,V,M,A0A087X208-1
1,1049567,1049567,G,A,1368,A,T,A0A087X208-1
1,1049568,1049568,C,T,1368,A,V,A0A087X208-1
1,1049588,1049588,G,C,1375,G,R,A0A087X208-1
1,1049613,1049613,G,A,1383,R,H,A0A087X208-1
1,1049624,1049624,G,A,1387,V,I,A0A087X208-1
1,1049666,1049666,G,T,1401,A,S,A0A087X208-1
1,1049673,1049673,G,A,1403,R,Q,A0A087X208-1
1,1049675,1049675,G,T,1404,G,C,A0A087X208-1
1,1049684,1049684,G,A,1407,V,M,A0A087X208-1
1,1049697,1049697,G,T,1411,G,V,A0A087X208-1
1,1049738,1049738,C,T,1425,P,S,A0A087X208-1
1,1049760,1049760,G,A,1432,G,E,A0A087X208-1
1,1049787,1049787,G,A,1441,G,D,A0A087X208-1
1,1049793,1049793,T,C,1443,V,A,A0A087X208-1
1,1049903,1049903,G,A,1444,G,E,A0A087X208-1
1,1049939,1049939,C,A,1456,P,H,A0A087X208-1
1,1049945,1049945,C,T,1458,P,L,A0A087X208-1
1,1049950,1049950,C,T,1460,H,Y,A0A087X208-1
1,1049953,1049953,G,T,1461,G,W,A0A087X208-1
1,1049963,1049963,C,A,1464,P,H,A0A087X208-1
1,1049969,1049969,G,C,1466,R,P,A0A087X208-1
1,1049980,1049980,G,C,1470,E,Q,A0A087X208-1
1,1049998,1049998,G,A,1476,E,K,A0A087X208-1
1,1050011,1050011,G,A,1480,G,E,A0A087X208-1
1,1050014,1050014,G,A,1481,R,H,A0A087X208-1
1,1050020,1050020,G,A,1483,G,D,A0A087X208-1
1,1050023,1050023,C,T,1484,T,I,A0A087X208-1
1,1050236,1050236,C,T,1490,S,L,A0A087X208-1
1,1050251,1050251,C,T,1495,S,F,A0A087X208-1
1,1050289,1050289,C,A,1508,L,M,A0A087X208-1
1,1050292,1050292,G,T,1509,E,*,A0A087X208-1
1,1050296,1050296,T,C,1510,L,P,A0A087X208-1
1,1050307,1050307,C,A,1514,H,N,A0A087X208-1
1,1050319,1050319,C,T,1518,R,W,A0A087X208-1
1,1050320,1050320,G,T,1518,R,L,A0A087X208-1
1,1050328,1050328,G,T,1521,G,W,A0A087X208-1
1,1050437,1050437,G,A,1525,A,T,A0A087X208-1
1,1050438,1050438,C,T,1525,A,V,A0A087X208-1
1,1050444,1050444,A,C,1527,E,A,A0A087X208-1
1,1050461,1050461,C,T,1533,R,*,A0A087X208-1
1,1050467,1050467,C,T,1535,P,S,A0A087X208-1
1,1050468,1050468,C,A,1535,P,H,A0A087X208-1
1,1050468,1050468,C,T,1535,P,L,A0A087X208-1
1,1050486,1050486,A,G,1541,Y,C,A0A087X208-1
1,1050503,1050503,G,A,1547,D,N,A0A087X208-1
1,1050506,1050506,G,A,1548,G,S,A0A087X208-1
1,1050512,1050512,G,A,1550,G,R,A0A087X208-1
1,1050536,1050536,C,T,1558,R,W,A0A087X208-1
1,1050537,1050537,G,A,1558,R,Q,A0A087X208-1
1,1050543,1050543,G,A,1560,R,H,A0A087X208-1
1,1050545,1050545,C,A,1561,R,S,A0A087X208-1
1,1050545,1050545,C,T,1561,R,C,A0A087X208-1
1,1050546,1050546,G,A,1561,R,H,A0A087X208-1
1,1050557,1050557,C,T,1565,R,C,A0A087X208-1
1,1050558,1050558,G,A,1565,R,H,A0A087X208-1
1,1050561,1050561,A,G,1566,Y,C,A0A087X208-1
1,1050563,1050563,G,T,1567,D,Y,A0A087X208-1
1,1050728,1050728,G,C,1577,S,T,A0A087X208-1
1,1050745,1050745,C,A,1583,L,M,A0A087X208-1
1,1050775,1050775,C,G,1593,R,G,A0A087X208-1
1,1050781,1050781,G,A,1595,G,S,A0A087X208-1
1,1050782,1050782,G,A,1595,G,D,A0A087X208-1
1,1050784,1050784,C,T,1596,R,C,A0A087X208-1
1,1050784,1050784,C,A,1596,R,S,A0A087X208-1
1,1050785,1050785,G,A,1596,R,H,A0A087X208-1
1,1050788,1050788,A,G,1597,K,R,A0A087X208-1
1,1050791,1050791,G,T,1598,G,V,A0A087X208-1
1,1050805,1050805,G,T,1603,G,C,A0A087X208-1
1,1050810,1050810,C,A,1604,D,E,A0A087X208-1
1,1050829,1050829,G,A,1611,E,K,A0A087X208-1
1,1051253,1051253,G,A,1618,V,I,A0A087X208-1
1,1051254,1051254,T,G,1618,V,G,A0A087X208-1
1,1051256,1051256,C,A,1619,P,T,A0A087X208-1
1,1051262,1051262,A,T,1621,T,S,A0A087X208-1
1,1051265,1051265,G,A,1622,V,I,A0A087X208-1
1,1051283,1051283,C,T,1628,P,S,A0A087X208-1
1,1051305,1051305,C,T,1635,P,L,A0A087X208-1
1,1051307,1051307,G,A,1636,D,N,A0A087X208-1
1,1051326,1051326,G,T,1642,R,L,A0A087X208-1
1,1051328,1051328,G,C,1643,A,P,A0A087X208-1
1,1051329,1051329,C,T,1643,A,V,A0A087X208-1
1,1051337,1051337,G,T,1646,V,L,A0A087X208-1
1,1051352,1051352,G,A,1651,D,N,A0A087X208-1
1,1051364,1051364,C,T,1655,Q,*,A0A087X208-1
1,1051365,1051365,A,G,1655,Q,R,A0A087X208-1
1,1051469,1051469,G,A,1662,R,H,A0A087X208-1
1,1051481,1051481,C,A,1666,T,N,A0A087X208-1
1,1051486,1051486,G,C,1668,E,Q,A0A087X208-1
1,1051490,1051490,A,G,1669,H,R,A0A087X208-1
1,1051492,1051492,G,A,1670,V,M,A0A087X208-1
1,1051510,1051510,G,A,1676,V,I,A0A087X208-1
1,1051541,1051541,G,A,1686,R,Q,A0A087X208-1
1,1051555,1051555,C,T,1691,P,S,A0A087X208-1
1,1051564,1051564,A,C,1694,N,H,A0A087X208-1
1,1051579,1051579,G,A,1699,V,I,A0A087X208-1
1,1051582,1051582,C,A,1700,P,T,A0A087X208-1
1,1051623,1051623,C,A,1713,F,L,A0A087X208-1
1,1051746,1051746,C,T,1727,A,V,A0A087X208-1
1,1051754,1051754,G,T,1730,V,L,A0A087X208-1
1,1051757,1051757,G,C,1731,D,H,A0A087X208-1
1,1051778,1051778,C,T,1738,R,W,A0A087X208-1
1,1051787,1051787,G,T,1741,V,F,A0A087X208-1
1,1051790,1051790,G,A,1742,E,K,A0A087X208-1
1,1051811,1051811,G,A,1749,E,K,A0A087X208-1
1,1052015,1052015,G,T,1758,V,F,A0A087X208-1
1,1053478,1053478,C,T,1764,S,F,A0A087X208-1
1,1053480,1053480,G,A,1765,G,R,A0A087X208-1
1,1053481,1053481,G,T,1765,G,V,A0A087X208-1
1,1053481,1053481,G,A,1765,G,E,A0A087X208-1
1,1053766,1053766,C,T,1774,Q,*,A0A087X208-1
1,1053785,1053785,T,C,1780,L,P,A0A087X208-1
1,1053789,1053789,C,G,1781,S,R,A0A087X208-1
1,1053789,1053789,C,A,1781,S,R,A0A087X208-1
1,1053794,1053794,G,A,1783,R,H,A0A087X208-1
1,1053820,1053820,C,T,1792,L,F,A0A087X208-1
1,1053823,1053823,T,A,1793,W,R,A0A087X208-1
1,1053827,1053827,G,C,1794,S,T,A0A087X208-1
1,1053836,1053836,C,T,1797,A,V,A0A087X208-1
1,1053841,1053841,G,A,1799,E,K,A0A087X208-1
1,1053841,1053841,G,T,1799,E,*,A0A087X208-1
1,1053845,1053845,G,T,1800,R,L,A0A087X208-1
1,1053877,1053877,G,T,1811,G,W,A0A087X208-1
1,1053878,1053878,G,A,1811,G,E,A0A087X208-1
1,1053893,1053893,G,A,1816,S,N,A0A087X208-1
1,1053902,1053902,T,C,1819,L,P,A0A087X208-1
1,1053904,1053904,G,T,1820,G,C,A0A087X208-1
1,1053916,1053916,G,A,1824,V,M,A0A087X208-1
1,1053925,1053925,C,T,1827,R,C,A0A087X208-1
1,1053934,1053934,G,A,1830,V,M,A0A087X208-1
1,1053940,1053940,G,A,1832,V,I,A0A087X208-1
1,1053953,1053953,G,A,1836,R,H,A0A087X208-1
1,1053956,1053956,G,C,1837,W,S,A0A087X208-1
1,1053967,1053967,G,A,1841,V,M,A0A087X208-1
1,1053970,1053970,G,T,1842,A,S,A0A087X208-1
1,1053976,1053976,A,G,1844,R,G,A0A087X208-1
1,1054449,1054449,G,T,1845,E,*,A0A087X208-1
1,1054452,1054452,C,T,1846,Q,*,A0A087X208-1
1,1054456,1054456,G,A,1847,R,K,A0A087X208-1
1,1054458,1054458,G,A,1848,E,K,A0A087X208-1
1,1054465,1054465,C,T,1850,S,F,A0A087X208-1
1,1054486,1054486,C,T,1857,A,V,A0A087X208-1
1,1054497,1054497,G,A,1861,G,S,A0A087X208-1
1,1054501,1054501,C,T,1862,S,F,A0A087X208-1
1,1054504,1054504,C,T,1863,S,F,A0A087X208-1
1,1054525,1054525,T,C,1870,L,P,A0A087X208-1
1,1054540,1054540,C,T,1875,A,V,A0A087X208-1
1,1054830,1054830,T,C,1881,L,P,A0A087X208-1
1,1054835,1054835,G,A,1883,E,K,A0A087X208-1
1,1054887,1054887,G,A,1900,G,D,A0A087X208-1
1,1054895,1054895,C,T,1903,R,W,A0A087X208-1
1,1054898,1054898,G,T,1904,D,Y,A0A087X208-1
1,1054914,1054914,G,T,1909,R,L,A0A087X208-1
1,1054929,1054929,T,C,1914,L,P,A0A087X208-1
1,1054932,1054932,T,A,1915,L,Q,A0A087X208-1
1,1054940,1054940,G,A,1918,A,T,A0A087X208-1
1,1054941,1054941,C,T,1918,A,V,A0A087X208-1
1,1054943,1054943,G,T,1919,V,F,A0A087X208-1
1,1054961,1054961,C,T,1925,R,W,A0A087X208-1
1,1054976,1054976,C,T,1930,P,S,A0A087X208-1
1,1082909,1082909,C,T,340,R,H,Q5T2W9-1
1,1082909,1082909,C,T,194,R,H,Q96HA4-4
1,1082910,1082910,G,A,340,R,C,Q5T2W9-1
1,1082910,1082910,G,A,194,R,C,Q96HA4-4
1,1082918,1082918,C,G,337,G,A,Q5T2W9-1
1,1082918,1082918,C,G,191,G,A,Q96HA4-4
1,1082921,1082921,G,A,336,P,L,Q5T2W9-1
1,1082921,1082921,G,A,190,P,L,Q96HA4-4
1,1082922,1082922,G,A,336,P,S,Q5T2W9-1
1,1082922,1082922,G,A,190,P,S,Q96HA4-4
1,1082927,1082927,G,A,188,A,V,Q96HA4-4
1,1082927,1082927,G,A,334,A,V,Q5T2W9-1
1,1082946,1082946,T,C,328,R,G,Q5T2W9-1
1,1082946,1082946,T,C,182,R,G,Q96HA4-4
1,1082955,1082955,G,A,325,P,S,Q5T2W9-1
1,1082955,1082955,G,A,179,P,S,Q96HA4-4
1,1082984,1082984,C,T,315,R,Q,Q5T2W9-1
1,1082984,1082984,C,T,169,R,Q,Q96HA4-4
1,1083918,1083918,G,A,313,P,S,Q5T2W9-1
1,1083951,1083951,T,C,302,S,G,Q5T2W9-1
1,1083957,1083957,G,A,300,R,C,Q5T2W9-1
1,1083984,1083984,G,A,291,L,F,Q5T2W9-1
1,1083987,1083987,C,A,290,G,C,Q5T2W9-1
1,1083993,1083993,C,T,288,A,T,Q5T2W9-1
1,1084004,1084004,G,T,284,P,Q,Q5T2W9-1
1,1084046,1084046,G,T,270,A,E,Q5T2W9-1
1,1084071,1084071,C,T,262,E,K,Q5T2W9-1
1,1084073,1084073,T,C,261,Q,R,Q5T2W9-1
1,1084098,1084098,G,A,253,P,S,Q5T2W9-1
1,1084103,1084103,A,G,251,L,P,Q5T2W9-1
1,1084107,1084107,T,C,250,M,V,Q5T2W9-1
1,1084109,1084109,G,A,249,S,F,Q5T2W9-1
1,1084119,1084119,G,A,246,P,S,Q5T2W9-1
1,1084130,1084130,G,A,242,P,L,Q5T2W9-1
1,1084133,1084133,C,T,241,R,H,Q5T2W9-1
1,1084140,1084140,G,A,239,P,S,Q5T2W9-1
1,1084145,1084145,G,A,237,A,V,Q5T2W9-1
1,1084151,1084151,C,A,235,W,L,Q5T2W9-1
1,1084172,1084172,G,A,228,A,V,Q5T2W9-1
1,1084193,1084193,C,T,221,R,Q,Q5T2W9-1
1,1084233,1084233,C,T,208,G,R,Q5T2W9-1
1,1084244,1084244,G,A,204,P,L,Q5T2W9-1
1,1084250,1084250,G,C,202,S,C,Q5T2W9-1
1,1084307,1084307,C,A,183,G,V,Q5T2W9-1
1,1084332,1084332,G,A,175,P,S,Q5T2W9-1
1,1084346,1084346,C,T,170,S,N,Q5T2W9-1
1,1084353,1084353,C,A,168,G,C,Q5T2W9-1
1,1084353,1084353,C,A,168,V,L,Q96HA4-4
1,1084355,1084355,G,A,167,S,L,Q96HA4-4
1,1084355,1084355,G,A,167,S,L,Q5T2W9-1
1,1084361,1084361,T,C,165,Q,R,Q5T2W9-1
1,1084361,1084361,T,C,165,Q,R,Q96HA4-4
1,1084373,1084373,A,G,161,I,T,Q5T2W9-1
1,1084373,1084373,A,G,161,I,T,Q96HA4-4
1,1084383,1084383,C,T,158,A,T,Q96HA4-4
1,1084383,1084383,C,T,158,A,T,Q5T2W9-1
1,1084491,1084491,G,T,154,P,H,Q96HA4-4
1,1084491,1084491,G,T,154,P,H,Q5T2W9-1
1,1084503,1084503,G,A,150,P,L,Q96HA4-4
1,1084503,1084503,G,A,150,P,L,Q5T2W9-1
1,1085878,1085878,C,T,149,A,T,Q96HA4-4
1,1085878,1085878,C,T,149,A,T,Q5T2W9-1
1,1085879,1085879,T,G,148,K,N,Q5T2W9-1
1,1085879,1085879,T,G,148,K,N,Q96HA4-4
1,1085898,1085898,G,A,142,A,V,Q5T2W9-1
1,1085898,1085898,G,A,142,A,V,Q96HA4-4
1,1085905,1085905,G,A,140,P,S,Q96HA4-4
1,1085905,1085905,G,A,140,P,S,Q5T2W9-1
1,1085907,1085907,A,G,139,L,P,Q96HA4-4
1,1085907,1085907,A,G,139,L,P,Q5T2W9-1
1,1085914,1085914,T,A,137,S,C,Q96HA4-4
1,1085914,1085914,T,A,137,S,C,Q5T2W9-1
1,1085920,1085920,G,A,135,R,C,Q96HA4-4
1,1085920,1085920,G,A,135,R,C,Q5T2W9-1
1,1085932,1085932,A,C,131,F,V,Q5T2W9-1
1,1085932,1085932,A,C,131,F,V,Q96HA4-4
1,1085944,1085944,C,T,127,V,I,Q5T2W9-1
1,1085944,1085944,C,T,127,V,I,Q96HA4-4
1,1085976,1085976,G,A,116,T,M,Q5T2W9-1
1,1085976,1085976,G,A,116,T,M,Q96HA4-4
1,1085979,1085979,C,A,115,G,V,Q96HA4-4
1,1085979,1085979,C,A,115,G,V,Q5T2W9-1
1,1085984,1085984,G,T,113,F,L,Q5T2W9-1
1,1085984,1085984,G,T,113,F,L,Q96HA4-4
1,1086001,1086001,C,T,108,V,M,Q96HA4-4
1,1086001,1086001,C,T,108,V,M,Q5T2W9-1
1,1086003,1086003,C,A,107,R,L,Q96HA4-4
1,1086003,1086003,C,T,107,R,H,Q96HA4-4
1,1086003,1086003,C,A,107,R,L,Q5T2W9-1
1,1086003,1086003,C,T,107,R,H,Q5T2W9-1
1,1086010,1086010,C,G,105,A,P,Q5T2W9-1
1,1086010,1086010,C,G,105,A,P,Q96HA4-4
1,1087151,1087151,G,A,100,R,W,Q5T2W9-1
1,1087151,1087151,G,A,100,R,W,Q96HA4-4
1,1087165,1087165,G,A,95,S,L,Q5T2W9-1
1,1087165,1087165,G,A,95,S,L,Q96HA4-4
1,1087166,1087166,A,G,95,S,P,Q5T2W9-1
1,1087166,1087166,A,G,95,S,P,Q96HA4-4
1,1087193,1087193,C,A,86,G,C,Q5T2W9-1
1,1087193,1087193,C,A,86,G,C,Q96HA4-4
1,1087195,1087195,G,A,85,P,L,Q5T2W9-1
1,1087195,1087195,G,A,85,P,L,Q96HA4-4
1,1087514,1087514,C,A,78,E,*,Q96HA4-4
1,1087514,1087514,C,A,78,E,*,Q5T2W9-1
1,1087565,1087565,C,T,61,A,T,Q5T2W9-1
1,1087565,1087565,C,T,61,A,T,Q96HA4-4
1,1087577,1087577,C,T,57,A,T,Q96HA4-4
1,1087577,1087577,C,T,57,A,T,Q5T2W9-1
1,1087585,1087585,C,T,54,R,H,Q5T2W9-1
1,1087585,1087585,C,T,54,R,H,Q96HA4-4
1,1087597,1087597,C,G,50,G,A,Q96HA4-4
1,1087597,1087597,C,G,50,G,A,Q5T2W9-1
1,1090361,1090361,C,T,47,C,Y,Q5T2W9-1
1,1090361,1090361,C,A,47,C,F,Q5T2W9-1
1,1090361,1090361,C,T,47,C,Y,Q96HA4-4
1,1090361,1090361,C,A,47,C,F,Q96HA4-4
1,1090377,1090377,G,A,42,P,S,Q5T2W9-1
1,1090377,1090377,G,A,42,P,S,Q96HA4-4
1,1090389,1090389,T,G,38,N,H,Q5T2W9-1
1,1090389,1090389,T,G,38,N,H,Q96HA4-4
1,1090392,1090392,C,T,37,V,I,Q96HA4-4
1,1090392,1090392,C,T,37,V,I,Q5T2W9-1
1,1090416,1090416,C,T,29,E,K,Q5T2W9-1
1,1090416,1090416,C,T,29,E,K,Q96HA4-4
1,1091507,1091507,G,A,13,L,F,Q5T2W9-1
1,1091507,1091507,G,A,13,L,F,Q96HA4-4
1,1091525,1091525,C,T,7,A,T,Q5T2W9-1
1,1091525,1091525,C,T,7,A,T,Q96HA4-4
1,1091533,1091533,C,T,4,R,Q,Q96HA4-4
1,1091533,1091533,C,T,4,R,Q,Q5T2W9-1
1,1179219,1179219,G,T,2,D,Y,Q6ZVT0-1
1,1179249,1179249,C,T,12,R,W,Q6ZVT0-1
1,1179250,1179250,G,A,12,R,Q,Q6ZVT0-1
1,1179265,1179265,G,A,17,R,Q,Q6ZVT0-1
1,1179288,1179288,G,A,25,G,S,Q6ZVT0-1
1,1179314,1179314,G,T,33,R,S,Q6ZVT0-1
1,1179318,1179318,C,T,35,R,W,Q6ZVT0-1
1,1179319,1179319,G,A,35,R,Q,Q6ZVT0-1
1,1179321,1179321,G,A,36,A,T,Q6ZVT0-1
1,1179331,1179331,C,G,39,S,*,Q6ZVT0-1
1,1179333,1179333,G,A,40,G,R,Q6ZVT0-1
1,1179674,1179674,C,A,46,R,S,Q6ZVT0-1
1,1179683,1179683,C,T,49,P,S,Q6ZVT0-1
1,1179686,1179686,G,T,50,A,S,Q6ZVT0-1
1,1179692,1179692,G,A,52,A,T,Q6ZVT0-1
1,1179731,1179731,C,T,65,P,S,Q6ZVT0-1
1,1179732,1179732,C,T,65,P,L,Q6ZVT0-1
1,1179734,1179734,G,T,66,V,F,Q6ZVT0-1
1,1180034,1180034,G,A,67,G,D,Q6ZVT0-1
1,1180037,1180037,C,T,68,P,L,Q6ZVT0-1
1,1180057,1180057,G,T,75,G,W,Q6ZVT0-1
1,1180057,1180057,G,T,2,G,W,Q6ZVT0-3
1,1180064,1180064,G,T,4,S,I,Q6ZVT0-3
1,1180064,1180064,G,T,77,S,I,Q6ZVT0-1
1,1180069,1180069,G,T,6,E,*,Q6ZVT0-3
1,1180069,1180069,G,T,79,E,*,Q6ZVT0-1
1,1180075,1180075,G,A,81,G,R,Q6ZVT0-1
1,1180075,1180075,G,A,8,G,R,Q6ZVT0-3
1,1180081,1180081,C,T,83,R,W,Q6ZVT0-1
1,1180081,1180081,C,T,10,R,W,Q6ZVT0-3
1,1180108,1180108,G,T,92,D,Y,Q6ZVT0-1
1,1180108,1180108,G,T,19,D,Y,Q6ZVT0-3
1,1180111,1180111,G,A,20,A,T,Q6ZVT0-3
1,1180111,1180111,G,A,93,A,T,Q6ZVT0-1
1,1180117,1180117,G,A,22,G,R,Q6ZVT0-3
1,1180117,1180117,G,A,95,G,R,Q6ZVT0-1
1,1180130,1180130,C,T,99,P,L,Q6ZVT0-1
1,1180130,1180130,C,T,26,P,L,Q6ZVT0-3
1,1180130,1180130,C,A,99,P,Q,Q6ZVT0-1
1,1180130,1180130,C,A,26,P,Q,Q6ZVT0-3
1,1180132,1180132,G,A,27,D,N,Q6ZVT0-3
1,1180132,1180132,G,A,100,D,N,Q6ZVT0-1
1,1180135,1180135,C,A,101,L,M,Q6ZVT0-1
1,1180135,1180135,C,A,28,L,M,Q6ZVT0-3
1,1180139,1180139,A,T,29,E,V,Q6ZVT0-3
1,1180139,1180139,A,T,102,E,V,Q6ZVT0-1
1,1180141,1180141,G,A,30,G,R,Q6ZVT0-3
1,1180141,1180141,G,A,103,G,R,Q6ZVT0-1
1,1180147,1180147,G,T,105,E,*,Q6ZVT0-1
1,1180147,1180147,G,T,32,E,*,Q6ZVT0-3
1,1180168,1180168,G,A,39,G,R,Q6ZVT0-3
1,1180168,1180168,G,A,112,G,R,Q6ZVT0-1
1,1180178,1180178,G,T,115,G,V,Q6ZVT0-1
1,1180178,1180178,G,T,42,G,V,Q6ZVT0-3
1,1180183,1180183,C,A,44,L,M,Q6ZVT0-3
1,1180183,1180183,C,A,117,L,M,Q6ZVT0-1
1,1180190,1180190,G,T,46,S,I,Q6ZVT0-3
1,1180190,1180190,G,T,119,S,I,Q6ZVT0-1
1,1180192,1180192,C,A,47,H,N,Q6ZVT0-3
1,1180192,1180192,C,A,120,H,N,Q6ZVT0-1
1,1180195,1180195,C,T,48,R,W,Q6ZVT0-3
1,1180195,1180195,C,T,121,R,W,Q6ZVT0-1
1,1180210,1180210,G,A,53,D,N,Q6ZVT0-3
1,1180210,1180210,G,A,126,D,N,Q6ZVT0-1
1,1180213,1180213,G,A,127,D,N,Q6ZVT0-1
1,1180213,1180213,G,A,54,D,N,Q6ZVT0-3
1,1180216,1180216,A,T,55,T,S,Q6ZVT0-3
1,1180216,1180216,A,T,128,T,S,Q6ZVT0-1
1,1180222,1180222,G,A,57,A,T,Q6ZVT0-3
1,1180222,1180222,G,A,130,A,T,Q6ZVT0-1
1,1180225,1180225,G,A,58,A,T,Q6ZVT0-3
1,1180225,1180225,G,A,131,A,T,Q6ZVT0-1
1,1180247,1180247,T,A,138,L,Q,Q6ZVT0-1
1,1180247,1180247,T,A,65,L,Q,Q6ZVT0-3
1,1180255,1180255,C,T,68,L,F,Q6ZVT0-3
1,1180255,1180255,C,T,141,L,F,Q6ZVT0-1
1,1180265,1180265,G,A,71,G,E,Q6ZVT0-3
1,1180265,1180265,G,A,144,G,E,Q6ZVT0-1
1,1180267,1180267,G,A,145,G,S,Q6ZVT0-1
1,1180267,1180267,G,A,72,G,S,Q6ZVT0-3
1,1180268,1180268,G,A,72,G,D,Q6ZVT0-3
1,1180268,1180268,G,A,145,G,D,Q6ZVT0-1
1,1180283,1180283,C,T,150,P,L,Q6ZVT0-1
1,1180283,1180283,C,T,77,P,L,Q6ZVT0-3
1,1180291,1180291,A,T,153,T,S,Q6ZVT0-1
1,1180291,1180291,A,T,80,T,S,Q6ZVT0-3
1,1180292,1180292,C,A,153,T,N,Q6ZVT0-1
1,1180292,1180292,C,A,80,T,N,Q6ZVT0-3
1,1180303,1180303,C,T,84,P,S,Q6ZVT0-3
1,1180303,1180303,C,T,157,P,S,Q6ZVT0-1
1,1180318,1180318,G,A,162,G,R,Q6ZVT0-1
1,1180318,1180318,G,A,89,G,R,Q6ZVT0-3
1,1180325,1180325,G,A,91,S,N,Q6ZVT0-3
1,1180325,1180325,G,A,164,S,N,Q6ZVT0-1
1,1180330,1180330,G,A,166,G,R,Q6ZVT0-1
1,1180330,1180330,G,A,93,G,R,Q6ZVT0-3
1,1180331,1180331,G,A,166,G,E,Q6ZVT0-1
1,1180331,1180331,G,A,93,G,E,Q6ZVT0-3
1,1180525,1180525,T,A,110,H,Q,Q6ZVT0-3
1,1180525,1180525,T,A,183,H,Q,Q6ZVT0-1
1,1180535,1180535,C,T,114,R,W,Q6ZVT0-3
1,1180535,1180535,C,T,187,R,W,Q6ZVT0-1
1,1180541,1180541,G,A,116,D,N,Q6ZVT0-3
1,1180541,1180541,G,A,189,D,N,Q6ZVT0-1
1,1180548,1180548,C,T,118,T,M,Q6ZVT0-3
1,1180548,1180548,C,T,191,T,M,Q6ZVT0-1
1,1180557,1180557,G,A,194,W,*,Q6ZVT0-1
1,1180557,1180557,G,A,121,W,*,Q6ZVT0-3
1,1180566,1180566,T,G,124,V,G,Q6ZVT0-3
1,1180566,1180566,T,G,197,V,G,Q6ZVT0-1
1,1180570,1180570,G,C,198,K,N,Q6ZVT0-1
1,1180570,1180570,G,C,125,K,N,Q6ZVT0-3
1,1180574,1180574,C,T,200,R,*,Q6ZVT0-1
1,1180574,1180574,C,T,127,R,*,Q6ZVT0-3
1,1180743,1180743,T,G,213,L,R,Q6ZVT0-1
1,1180743,1180743,T,G,140,L,R,Q6ZVT0-3
1,1180752,1180752,T,C,143,L,P,Q6ZVT0-3
1,1180752,1180752,T,C,216,L,P,Q6ZVT0-1
1,1180772,1180772,A,G,150,T,A,Q6ZVT0-3
1,1180772,1180772,A,G,223,T,A,Q6ZVT0-1
1,1180784,1180784,G,A,227,G,R,Q6ZVT0-1
1,1180784,1180784,G,A,154,G,R,Q6ZVT0-3
1,1180802,1180802,C,T,160,R,W,Q6ZVT0-3
1,1180802,1180802,C,T,233,R,W,Q6ZVT0-1
1,1180808,1180808,C,T,235,R,W,Q6ZVT0-1
1,1180808,1180808,C,T,162,R,W,Q6ZVT0-3
1,1180847,1180847,G,A,175,G,R,Q6ZVT0-3
1,1180847,1180847,G,A,248,G,R,Q6ZVT0-1
1,1180851,1180851,T,C,176,V,A,Q6ZVT0-3
1,1180851,1180851,T,C,249,V,A,Q6ZVT0-1
1,1180853,1180853,C,T,177,Q,*,Q6ZVT0-3
1,1180853,1180853,C,T,250,Q,*,Q6ZVT0-1
1,1181745,1181745,G,A,254,E,K,Q6ZVT0-1
1,1181745,1181745,G,A,181,E,K,Q6ZVT0-3
1,1181749,1181749,A,T,255,K,M,Q6ZVT0-1
